User-ID,Book-Rating,Book-Title,Book-Author,Publisher,genres
276725,3,Flesh Tones: A Novel,M. J. Rose,Ballantine Books,"[{""id"": 28, ""name"": ""Action""}, {""id"": 12, ""name"": ""Adventure""}, {""id"": 14, ""name"": ""Fantasy""}, {""id"": 878, ""name"": ""Science Fiction""}]"
276726,5,Rites of Passage,Judith Rae,Heinle,"[{""id"": 12, ""name"": ""Adventure""}, {""id"": 14, ""name"": ""Fantasy""}, {""id"": 28, ""name"": ""Action""}]"
276727,4,The Notebook,Nicholas Sparks,Warner Books,"[{""id"": 28, ""name"": ""Action""}, {""id"": 12, ""name"": ""Adventure""}, {""id"": 80, ""name"": ""Crime""}]"
276729,3,Help!: Level 1,Philip Prowse,Cambridge University Press,"[{""id"": 28, ""name"": ""Action""}, {""id"": 80, ""name"": ""Crime""}, {""id"": 18, ""name"": ""Drama""}, {""id"": 53, ""name"": ""Thriller""}]"
276729,6,The Amsterdam Connection : Level 4 (Cambridge English Readers),Sue Leather,Cambridge University Press,"[{""id"": 28, ""name"": ""Action""}, {""id"": 12, ""name"": ""Adventure""}, {""id"": 878, ""name"": ""Science Fiction""}]"
276733,5,Les Particules Elementaires,Michel Houellebecq,Flammarion,"[{""id"": 14, ""name"": ""Fantasy""}, {""id"": 28, ""name"": ""Action""}, {""id"": 12, ""name"": ""Adventure""}]"
276736,0,,,,"[{""id"": 16, ""name"": ""Animation""}, {""id"": 10751, ""name"": ""Family""}]"
276737,0,,,,"[{""id"": 28, ""name"": ""Action""}, {""id"": 12, ""name"": ""Adventure""}, {""id"": 878, ""name"": ""Science Fiction""}]"
276744,7,A Painted House,JOHN GRISHAM,Doubleday,"[{""id"": 12, ""name"": ""Adventure""}, {""id"": 14, ""name"": ""Fantasy""}, {""id"": 10751, ""name"": ""Family""}]"
276745,0,,,,"[{""id"": 28, ""name"": ""Action""}, {""id"": 12, ""name"": ""Adventure""}, {""id"": 14, ""name"": ""Fantasy""}]"
276746,2,Lightning,Dean R. Koontz,Berkley Publishing Group,"[{""id"": 12, ""name"": ""Adventure""}, {""id"": 14, ""name"": ""Fantasy""}, {""id"": 28, ""name"": ""Action""}, {""id"": 878, ""name"": ""Science Fiction""}]"
276746,6,Manhattan Hunt Club,JOHN SAUL,Ballantine Books,"[{""id"": 12, ""name"": ""Adventure""}, {""id"": 28, ""name"": ""Action""}, {""id"": 53, ""name"": ""Thriller""}, {""id"": 80, ""name"": ""Crime""}]"
276746,3,Dark Paradise,TAMI HOAG,Bantam,"[{""id"": 12, ""name"": ""Adventure""}, {""id"": 14, ""name"": ""Fantasy""}, {""id"": 28, ""name"": ""Action""}]"
276746,7,Night Sins,TAMI HOAG,Bantam,"[{""id"": 28, ""name"": ""Action""}, {""id"": 12, ""name"": ""Adventure""}, {""id"": 37, ""name"": ""Western""}]"
276746,5,At the Edge,David Dun,Pinnacle Books,"[{""id"": 28, ""name"": ""Action""}, {""id"": 12, ""name"": ""Adventure""}, {""id"": 14, ""name"": ""Fantasy""}, {""id"": 878, ""name"": ""Science Fiction""}]"
276746,2,Make Them Cry,Kevin O'Brien,Pinnacle Books,"[{""id"": 12, ""name"": ""Adventure""}, {""id"": 10751, ""name"": ""Family""}, {""id"": 14, ""name"": ""Fantasy""}]"
276747,9,Little Altars Everywhere,Rebecca Wells,HarperTorch,"[{""id"": 878, ""name"": ""Science Fiction""}, {""id"": 28, ""name"": ""Action""}, {""id"": 12, ""name"": ""Adventure""}]"
276747,6,How Stella Got Her Groove Back,Terry McMillan,Signet Book,"[{""id"": 12, ""name"": ""Adventure""}, {""id"": 28, ""name"": ""Action""}, {""id"": 14, ""name"": ""Fantasy""}]"
276747,7,The Law of Love,Laura Esquivel,Three Rivers Press (CA),"[{""id"": 28, ""name"": ""Action""}, {""id"": 35, ""name"": ""Comedy""}, {""id"": 878, ""name"": ""Science Fiction""}]"
276747,9,Waiting to Exhale,Terry McMillan,Pocket,"[{""id"": 28, ""name"": ""Action""}, {""id"": 12, ""name"": ""Adventure""}, {""id"": 14, ""name"": ""Fantasy""}]"
276747,8,Birdsong: A Novel of Love and War,Sebastian Faulks,Vintage Books USA,"[{""id"": 28, ""name"": ""Action""}, {""id"": 12, ""name"": ""Adventure""}, {""id"": 14, ""name"": ""Fantasy""}]"
276747,7,How to Deal With Difficult People,Rick Brinkman,Careertrack Inc.,"[{""id"": 28, ""name"": ""Action""}, {""id"": 12, ""name"": ""Adventure""}]"
276747,8,"Change Your Job, Change Your Life: High Impact Strategies for Finding Great Jobs in the Decade Ahead (Change Your Job Change Your Life, 7th ed)",Ronald L. Krannich,Impact Publications,"[{""id"": 12, ""name"": ""Adventure""}, {""id"": 14, ""name"": ""Fantasy""}]"
276747,7,The Golden Rule of Schmoozing,Aye Jaye,Listen & Live Audio,"[{""id"": 12, ""name"": ""Adventure""}, {""id"": 14, ""name"": ""Fantasy""}]"
276748,6,Apricots on the Nile: A Memoir with Recipes,Colette Rossant,Bloomsbury Publishing Plc,"[{""id"": 12, ""name"": ""Adventure""}, {""id"": 18, ""name"": ""Drama""}, {""id"": 28, ""name"": ""Action""}]"
276748,0,,,,"[{""id"": 18, ""name"": ""Drama""}, {""id"": 10749, ""name"": ""Romance""}, {""id"": 53, ""name"": ""Thriller""}]"
276751,0,,,,"[{""id"": 12, ""name"": ""Adventure""}, {""id"": 28, ""name"": ""Action""}, {""id"": 878, ""name"": ""Science Fiction""}]"
276751,8,Reise nach Ixtlan. Die Lehre des Don Juan.,Carlos Castaneda,"Fischer (Tb.), Frankfurt","[{""id"": 53, ""name"": ""Thriller""}, {""id"": 28, ""name"": ""Action""}, {""id"": 12, ""name"": ""Adventure""}, {""id"": 878, ""name"": ""Science Fiction""}]"
276754,8,The Girl Who Loved Tom Gordon : A Novel,Stephen King,Scribner,"[{""id"": 28, ""name"": ""Action""}, {""id"": 12, ""name"": ""Adventure""}, {""id"": 878, ""name"": ""Science Fiction""}, {""id"": 53, ""name"": ""Thriller""}]"
276755,5,The Pillars of the Earth,Ken Follett,Signet Book,"[{""id"": 28, ""name"": ""Action""}, {""id"": 12, ""name"": ""Adventure""}, {""id"": 53, ""name"": ""Thriller""}]"
276760,0,,,,"[{""id"": 28, ""name"": ""Action""}, {""id"": 12, ""name"": ""Adventure""}, {""id"": 14, ""name"": ""Fantasy""}]"
276762,4,Southampton Row (Charlotte & Thomas Pitt Novels (Hardcover)),Anne Perry,Ballantine Books,"[{""id"": 28, ""name"": ""Action""}, {""id"": 12, ""name"": ""Adventure""}, {""id"": 878, ""name"": ""Science Fiction""}]"
276762,3,CLOUT,D. GIBBONS,Avon,"[{""id"": 10751, ""name"": ""Family""}, {""id"": 14, ""name"": ""Fantasy""}, {""id"": 12, ""name"": ""Adventure""}]"
276762,5,See Jane Run,Joy Fielding,Avon,"[{""id"": 12, ""name"": ""Adventure""}, {""id"": 28, ""name"": ""Action""}, {""id"": 878, ""name"": ""Science Fiction""}, {""id"": 53, ""name"": ""Thriller""}]"
276762,5,The Dark Half,Stephen King,Signet Book,"[{""id"": 16, ""name"": ""Animation""}, {""id"": 10751, ""name"": ""Family""}]"
276762,7,House of the Sun (Shadowrun),Fanpro,Fanpro,"[{""id"": 878, ""name"": ""Science Fiction""}, {""id"": 28, ""name"": ""Action""}, {""id"": 12, ""name"": ""Adventure""}]"
276762,3,God Game,Ralph Hayes,Ingram Book Co,"[{""id"": 878, ""name"": ""Science Fiction""}, {""id"": 28, ""name"": ""Action""}, {""id"": 12, ""name"": ""Adventure""}]"
276762,2,"Vater Himmel, Mutter Erde.",Sue Harrison,L_?_¼bbe,"[{""id"": 14, ""name"": ""Fantasy""}, {""id"": 12, ""name"": ""Adventure""}, {""id"": 10751, ""name"": ""Family""}]"
276762,4,Besiegt vom Sturm der Leidenschaft.,Patricia Potter,L_?_¼bbe,"[{""id"": 28, ""name"": ""Action""}, {""id"": 12, ""name"": ""Adventure""}, {""id"": 14, ""name"": ""Fantasy""}]"
276762,0,,,,"[{""id"": 12, ""name"": ""Adventure""}, {""id"": 28, ""name"": ""Action""}, {""id"": 878, ""name"": ""Science Fiction""}]"
276762,0,,,,"[{""id"": 16, ""name"": ""Animation""}, {""id"": 10751, ""name"": ""Family""}, {""id"": 12, ""name"": ""Adventure""}, {""id"": 35, ""name"": ""Comedy""}]"
276762,8,Sturm der Liebe.,Rosemary Rogers,Droemer Knaur,"[{""id"": 12, ""name"": ""Adventure""}, {""id"": 28, ""name"": ""Action""}, {""id"": 53, ""name"": ""Thriller""}, {""id"": 878, ""name"": ""Science Fiction""}]"
276762,4,"Ich, Prinzessin aus dem Hause Al Saud. Ein Leben hinter tausend Schleiern.",Jean P. Sasson,Goldmann,"[{""id"": 16, ""name"": ""Animation""}, {""id"": 10751, ""name"": ""Family""}, {""id"": 35, ""name"": ""Comedy""}]"
276762,3,Der Bronzeh_?_¤ndler.,Hanns Kneifel,Goldmann,"[{""id"": 28, ""name"": ""Action""}, {""id"": 878, ""name"": ""Science Fiction""}, {""id"": 53, ""name"": ""Thriller""}]"
276762,8,Die zweite Haut.,Dean Koontz,Heyne,"[{""id"": 28, ""name"": ""Action""}]"
276762,0,,,,"[{""id"": 28, ""name"": ""Action""}, {""id"": 18, ""name"": ""Drama""}, {""id"": 27, ""name"": ""Horror""}, {""id"": 878, ""name"": ""Science Fiction""}, {""id"": 53, ""name"": ""Thriller""}]"
276762,6,Der Spion und die Zauberin.,Susan King,Heyne,"[{""id"": 28, ""name"": ""Action""}, {""id"": 12, ""name"": ""Adventure""}, {""id"": 14, ""name"": ""Fantasy""}, {""id"": 878, ""name"": ""Science Fiction""}]"
276762,2,Prinz der Kelche.,Gayle Feyrer,Heyne,"[{""id"": 28, ""name"": ""Action""}, {""id"": 12, ""name"": ""Adventure""}, {""id"": 878, ""name"": ""Science Fiction""}]"
276762,0,,,,"[{""id"": 28, ""name"": ""Action""}, {""id"": 10751, ""name"": ""Family""}, {""id"": 14, ""name"": ""Fantasy""}]"
276762,0,,,,"[{""id"": 18, ""name"": ""Drama""}, {""id"": 10749, ""name"": ""Romance""}]"
276762,3,Live aus Bagdad. Das Tagebuch einer Kriegs-Reporterin.,Antonia Rados,Heyne,"[{""id"": 12, ""name"": ""Adventure""}, {""id"": 14, ""name"": ""Fantasy""}, {""id"": 28, ""name"": ""Action""}, {""id"": 10749, ""name"": ""Romance""}]"
276762,0,,,,"[{""id"": 28, ""name"": ""Action""}, {""id"": 878, ""name"": ""Science Fiction""}, {""id"": 12, ""name"": ""Adventure""}]"
276762,3,Durch Teebaum_?_¶l gesund und sch_?_¶n.,Heidelore Kluge,S_?_¼dwest-Verlag,"[{""id"": 28, ""name"": ""Action""}, {""id"": 878, ""name"": ""Science Fiction""}, {""id"": 12, ""name"": ""Adventure""}]"
276762,4,Briefe der Liebe.,Maria Nurowska,"Fischer (Tb.), Frankfurt","[{""id"": 12, ""name"": ""Adventure""}, {""id"": 28, ""name"": ""Action""}]"
276762,0,,,,"[{""id"": 12, ""name"": ""Adventure""}, {""id"": 16, ""name"": ""Animation""}, {""id"": 10751, ""name"": ""Family""}]"
276762,0,,,,"[{""id"": 16, ""name"": ""Animation""}, {""id"": 12, ""name"": ""Adventure""}, {""id"": 35, ""name"": ""Comedy""}, {""id"": 10751, ""name"": ""Family""}, {""id"": 28, ""name"": ""Action""}, {""id"": 14, ""name"": ""Fantasy""}]"
276765,0,,,,"[{""id"": 28, ""name"": ""Action""}, {""id"": 12, ""name"": ""Adventure""}, {""id"": 878, ""name"": ""Science Fiction""}]"
276768,0,,,,"[{""id"": 16, ""name"": ""Animation""}, {""id"": 10751, ""name"": ""Family""}]"
276772,7,Saving Private Ryan,Max Allan Collins,Penguin Books Ltd,"[{""id"": 28, ""name"": ""Action""}, {""id"": 35, ""name"": ""Comedy""}, {""id"": 80, ""name"": ""Crime""}, {""id"": 53, ""name"": ""Thriller""}]"
276772,7,Pay Dirt (Mrs. Murphy Mysteries (Paperback)),RITA MAE BROWN,Bantam,"[{""id"": 28, ""name"": ""Action""}, {""id"": 12, ""name"": ""Adventure""}, {""id"": 878, ""name"": ""Science Fiction""}]"
276772,8,Waiting for Godot,Samuel Beckett,Faber Faber Inc,"[{""id"": 16, ""name"": ""Animation""}, {""id"": 18, ""name"": ""Drama""}]"
276772,10,Adressat unbekannt.,Kathrine Kressmann Taylor,Rowohlt Tb.,"[{""id"": 878, ""name"": ""Science Fiction""}, {""id"": 14, ""name"": ""Fantasy""}, {""id"": 28, ""name"": ""Action""}, {""id"": 12, ""name"": ""Adventure""}]"
276772,10,Henry der Held.,Roddy Doyle,"Fischer (Tb.), Frankfurt","[{""id"": 28, ""name"": ""Action""}, {""id"": 12, ""name"": ""Adventure""}]"
276774,9,"East, West",Salman Rushdie,Vintage Books,"[{""id"": 12, ""name"": ""Adventure""}, {""id"": 10751, ""name"": ""Family""}, {""id"": 14, ""name"": ""Fantasy""}]"
276774,8,Im Schatten der Lilie. Die Erinnerungen der Eleonore von Aquitanien.,Patrice Leavold,L_?_¼bbe,"[{""id"": 878, ""name"": ""Science Fiction""}]"
276774,7,Die Teufelin. Roman.,Fay Weldon,Dtv,"[{""id"": 18, ""name"": ""Drama""}, {""id"": 28, ""name"": ""Action""}, {""id"": 80, ""name"": ""Crime""}, {""id"": 53, ""name"": ""Thriller""}]"
276774,9,Endlich Nichtraucher.,Allen Carr,Goldmann,"[{""id"": 16, ""name"": ""Animation""}, {""id"": 35, ""name"": ""Comedy""}, {""id"": 10751, ""name"": ""Family""}, {""id"": 12, ""name"": ""Adventure""}]"
276774,6,Ein Liebhaber zuviel ist noch zu wenig.,Gaby Hauptmann,Piper,"[{""id"": 16, ""name"": ""Animation""}, {""id"": 10751, ""name"": ""Family""}, {""id"": 12, ""name"": ""Adventure""}, {""id"": 878, ""name"": ""Science Fiction""}]"
276780,5,"Escarabajos Vuelan Al Atardecer, Los",Maria Gripe,S & M Books,"[{""id"": 28, ""name"": ""Action""}, {""id"": 878, ""name"": ""Science Fiction""}, {""id"": 12, ""name"": ""Adventure""}]"
276780,0,,,,"[{""id"": 12, ""name"": ""Adventure""}, {""id"": 18, ""name"": ""Drama""}, {""id"": 10751, ""name"": ""Family""}]"
276780,0,,,,"[{""id"": 28, ""name"": ""Action""}, {""id"": 12, ""name"": ""Adventure""}, {""id"": 35, ""name"": ""Comedy""}, {""id"": 878, ""name"": ""Science Fiction""}, {""id"": 37, ""name"": ""Western""}]"
276786,0,,,,"[{""id"": 12, ""name"": ""Adventure""}, {""id"": 28, ""name"": ""Action""}, {""id"": 14, ""name"": ""Fantasy""}]"
276786,0,,,,"[{""id"": 28, ""name"": ""Action""}, {""id"": 12, ""name"": ""Adventure""}, {""id"": 80, ""name"": ""Crime""}, {""id"": 14, ""name"": ""Fantasy""}, {""id"": 878, ""name"": ""Science Fiction""}]"
276786,0,,,,"[{""id"": 14, ""name"": ""Fantasy""}, {""id"": 35, ""name"": ""Comedy""}, {""id"": 10751, ""name"": ""Family""}]"
276786,2,Vieja Nueva York,Edith Wharton,Planeta Pub Corp,"[{""id"": 28, ""name"": ""Action""}, {""id"": 878, ""name"": ""Science Fiction""}]"
276786,0,,,,"[{""id"": 12, ""name"": ""Adventure""}, {""id"": 28, ""name"": ""Action""}]"
276786,3,Invitacion a la Etica,Fernando Savater,Anagrama,"[{""id"": 12, ""name"": ""Adventure""}, {""id"": 28, ""name"": ""Action""}, {""id"": 53, ""name"": ""Thriller""}, {""id"": 878, ""name"": ""Science Fiction""}]"
276786,8,Anna Karenina,Leo Tolstoy,Ediciones Catedra S.A.,"[{""id"": 18, ""name"": ""Drama""}, {""id"": 35, ""name"": ""Comedy""}, {""id"": 16, ""name"": ""Animation""}, {""id"": 10751, ""name"": ""Family""}]"
276786,3,Cuentos Inconclusos,J. R. R. Tolkien,Minotauro,"[{""id"": 10751, ""name"": ""Family""}, {""id"": 12, ""name"": ""Adventure""}, {""id"": 18, ""name"": ""Drama""}, {""id"": 14, ""name"": ""Fantasy""}]"
276786,0,,,,"[{""id"": 12, ""name"": ""Adventure""}, {""id"": 28, ""name"": ""Action""}, {""id"": 878, ""name"": ""Science Fiction""}]"
276786,4,Isabelle Eberhardt,Eglal Errera,Circe,"[{""id"": 12, ""name"": ""Adventure""}, {""id"": 14, ""name"": ""Fantasy""}, {""id"": 18, ""name"": ""Drama""}]"
276786,6,El Elogio de La Sombra,Tanazaki,Siruela,"[{""id"": 14, ""name"": ""Fantasy""}, {""id"": 12, ""name"": ""Adventure""}, {""id"": 28, ""name"": ""Action""}, {""id"": 10751, ""name"": ""Family""}, {""id"": 10749, ""name"": ""Romance""}]"
276786,0,,,,"[{""id"": 878, ""name"": ""Science Fiction""}, {""id"": 28, ""name"": ""Action""}, {""id"": 18, ""name"": ""Drama""}, {""id"": 53, ""name"": ""Thriller""}]"
276788,8,"Blackwood Farm (Rice, Anne, Vampire Chronicles.)",ANNE RICE,Ballantine Books,"[{""id"": 28, ""name"": ""Action""}, {""id"": 12, ""name"": ""Adventure""}, {""id"": 878, ""name"": ""Science Fiction""}, {""id"": 10749, ""name"": ""Romance""}]"
276788,7,Harry Potter and the Order of the Phoenix (Book 5),J. K. Rowling,Scholastic,"[{""id"": 18, ""name"": ""Drama""}, {""id"": 28, ""name"": ""Action""}, {""id"": 12, ""name"": ""Adventure""}, {""id"": 14, ""name"": ""Fantasy""}]"
276788,10,False Memory,Dean R. Koontz,Bantam Books,"[{""id"": 28, ""name"": ""Action""}, {""id"": 12, ""name"": ""Adventure""}, {""id"": 878, ""name"": ""Science Fiction""}]"
276796,5,Bridget Jones's Diary,Helen Fielding,Picador (UK),"[{""id"": 35, ""name"": ""Comedy""}, {""id"": 12, ""name"": ""Adventure""}, {""id"": 14, ""name"": ""Fantasy""}, {""id"": 16, ""name"": ""Animation""}, {""id"": 10751, ""name"": ""Family""}]"
276796,0,,,,"[{""id"": 12, ""name"": ""Adventure""}, {""id"": 10751, ""name"": ""Family""}, {""id"": 9648, ""name"": ""Mystery""}, {""id"": 878, ""name"": ""Science Fiction""}]"
276798,5,"My \Star Trek\"" Memories""",William Shatner,HarperCollins Publishers,"[{""id"": 12, ""name"": ""Adventure""}, {""id"": 10751, ""name"": ""Family""}, {""id"": 16, ""name"": ""Animation""}, {""id"": 28, ""name"": ""Action""}, {""id"": 35, ""name"": ""Comedy""}]"
276798,7,Der Englishche Patient,Michael Ondaatje,Deutscher Taschenbuch Verlag (DTV),"[{""id"": 10751, ""name"": ""Family""}, {""id"": 16, ""name"": ""Animation""}, {""id"": 35, ""name"": ""Comedy""}, {""id"": 12, ""name"": ""Adventure""}]"
276798,7,Ein Fall f_?_¼r Kay Scarpetta / Ein Mord f_?_¼r Kay Scarpetta. Zwei Romane in einem Band.,Patricia Cornwell,Goldmann,"[{""id"": 12, ""name"": ""Adventure""}, {""id"": 16, ""name"": ""Animation""}, {""id"": 10751, ""name"": ""Family""}, {""id"": 14, ""name"": ""Fantasy""}]"
276798,0,,,,"[{""id"": 28, ""name"": ""Action""}, {""id"": 12, ""name"": ""Adventure""}, {""id"": 878, ""name"": ""Science Fiction""}]"
276798,5,Der Geschichtenverk_?_¤ufer.,Jostein Gaarder,Hanser Belletristik,"[{""id"": 14, ""name"": ""Fantasy""}, {""id"": 12, ""name"": ""Adventure""}, {""id"": 16, ""name"": ""Animation""}, {""id"": 10751, ""name"": ""Family""}]"
276798,6,Die Scheibenwelt. Zwei Romane in einem Band. Das Licht der Phantasie / Das Erbe des Zauberers.,Terry Pratchett,Heyne,"[{""id"": 28, ""name"": ""Action""}, {""id"": 53, ""name"": ""Thriller""}, {""id"": 878, ""name"": ""Science Fiction""}]"
276798,7,Tom Clancy's Op- Center. Spiegelbild.,Tom Clancy,Heyne,"[{""id"": 28, ""name"": ""Action""}, {""id"": 878, ""name"": ""Science Fiction""}, {""id"": 12, ""name"": ""Adventure""}]"
276798,8,Rabbit in Ruhe.,John Updike,Rowohlt Tb.,"[{""id"": 12, ""name"": ""Adventure""}, {""id"": 18, ""name"": ""Drama""}, {""id"": 878, ""name"": ""Science Fiction""}]"
276798,9,Hasenherz. Roman.,John Updike,Rowohlt Tb.,"[{""id"": 28, ""name"": ""Action""}, {""id"": 53, ""name"": ""Thriller""}, {""id"": 878, ""name"": ""Science Fiction""}, {""id"": 9648, ""name"": ""Mystery""}, {""id"": 12, ""name"": ""Adventure""}]"
276798,6,Artemis Fowl.,Eoin Colfer,Ullstein TB-Vlg,"[{""id"": 28, ""name"": ""Action""}, {""id"": 12, ""name"": ""Adventure""}, {""id"": 18, ""name"": ""Drama""}, {""id"": 27, ""name"": ""Horror""}, {""id"": 878, ""name"": ""Science Fiction""}]"
276798,7,Nomadentochter.,Waris Dirie,Blanvalet Verlag GmbH,"[{""id"": 12, ""name"": ""Adventure""}, {""id"": 14, ""name"": ""Fantasy""}, {""id"": 28, ""name"": ""Action""}]"
276798,5,Moby Dick. ( Ab 12 J.).,Herman Melville,Dressler Verlag,"[{""id"": 28, ""name"": ""Action""}, {""id"": 80, ""name"": ""Crime""}, {""id"": 53, ""name"": ""Thriller""}]"
276800,3,The X-Files: Goblins,Charles Grant,HarperEntertainment,"[{""id"": 14, ""name"": ""Fantasy""}, {""id"": 18, ""name"": ""Drama""}, {""id"": 53, ""name"": ""Thriller""}, {""id"": 9648, ""name"": ""Mystery""}, {""id"": 10749, ""name"": ""Romance""}]"
276800,2,Whirlwind (The X-Files),Charles Grant,HarperEntertainment,"[{""id"": 28, ""name"": ""Action""}, {""id"": 878, ""name"": ""Science Fiction""}, {""id"": 12, ""name"": ""Adventure""}]"
276800,1,The X-Files: Ground Zero,Kevin J. Anderson,HarperEntertainment,"[{""id"": 28, ""name"": ""Action""}, {""id"": 12, ""name"": ""Adventure""}, {""id"": 878, ""name"": ""Science Fiction""}]"
276800,1,"Blooded (Buffy the Vampire Slayer, Book 5)",Christopher Golden,Simon Spotlight Entertainment,"[{""id"": 14, ""name"": ""Fantasy""}, {""id"": 12, ""name"": ""Adventure""}, {""id"": 28, ""name"": ""Action""}, {""id"": 35, ""name"": ""Comedy""}, {""id"": 18, ""name"": ""Drama""}]"
276800,1,Speaking in Tongues,Jeffery Deaver,Pocket,"[{""id"": 12, ""name"": ""Adventure""}, {""id"": 28, ""name"": ""Action""}, {""id"": 18, ""name"": ""Drama""}, {""id"": 53, ""name"": ""Thriller""}]"
276800,7,Storm Surge: A Quin St. James and Mike McCleary Mystery,T. J. MacGregor,Hyperion Books,"[{""id"": 14, ""name"": ""Fantasy""}]"
276803,0,,,,"[{""id"": 14, ""name"": ""Fantasy""}, {""id"": 12, ""name"": ""Adventure""}, {""id"": 16, ""name"": ""Animation""}, {""id"": 35, ""name"": ""Comedy""}, {""id"": 10751, ""name"": ""Family""}]"
276804,1,Walk Two Moons,Sharon Creech,HarperTrophy,"[{""id"": 28, ""name"": ""Action""}, {""id"": 12, ""name"": ""Adventure""}, {""id"": 14, ""name"": ""Fantasy""}]"
276804,2,Bloomability,Sharon Creech,Scholastic Inc,"[{""id"": 878, ""name"": ""Science Fiction""}, {""id"": 28, ""name"": ""Action""}, {""id"": 53, ""name"": ""Thriller""}, {""id"": 12, ""name"": ""Adventure""}]"
276804,8,A Wrinkle In Time,MADELEINE L'ENGLE,Yearling,"[{""id"": 12, ""name"": ""Adventure""}, {""id"": 10751, ""name"": ""Family""}, {""id"": 14, ""name"": ""Fantasy""}]"
276806,0,,,,"[{""id"": 36, ""name"": ""History""}, {""id"": 10749, ""name"": ""Romance""}, {""id"": 10752, ""name"": ""War""}]"
276806,0,,,,"[{""id"": 12, ""name"": ""Adventure""}, {""id"": 878, ""name"": ""Science Fiction""}, {""id"": 28, ""name"": ""Action""}]"
276808,10,"Richard Brautigan : A Confederate General from Big Sur, Dreaming of Babylon, and the Hawkline Monster (Three Books in the Manner of Their Original ed)",Richard Brautigan,Mariner Books,"[{""id"": 10752, ""name"": ""War""}, {""id"": 36, ""name"": ""History""}, {""id"": 28, ""name"": ""Action""}, {""id"": 12, ""name"": ""Adventure""}, {""id"": 18, ""name"": ""Drama""}, {""id"": 10749, ""name"": ""Romance""}]"
276811,10,The Watsons Go to Birmingham - 1963 (Yearling Newbery),CHRISTOPHER PAUL CURTIS,Yearling,"[{""id"": 12, ""name"": ""Adventure""}, {""id"": 14, ""name"": ""Fantasy""}, {""id"": 10751, ""name"": ""Family""}, {""id"": 9648, ""name"": ""Mystery""}]"
276812,0,,,,"[{""id"": 12, ""name"": ""Adventure""}, {""id"": 14, ""name"": ""Fantasy""}, {""id"": 10751, ""name"": ""Family""}]"
276813,5,Por los pelos,Miriam Keyes,Downtown Book Center,"[{""id"": 14, ""name"": ""Fantasy""}, {""id"": 28, ""name"": ""Action""}]"
276813,6,007 El Mundo Nunca Es Suficiente,Raymond Benson,"Plaza & Janes Editores, S.A.","[{""id"": 18, ""name"": ""Drama""}, {""id"": 27, ""name"": ""Horror""}, {""id"": 28, ""name"": ""Action""}, {""id"": 53, ""name"": ""Thriller""}, {""id"": 878, ""name"": ""Science Fiction""}]"
276813,7,Cinco Semanas En Globo (Espasa Bolsillo),Verne,Plaza & Janes Editor,"[{""id"": 12, ""name"": ""Adventure""}, {""id"": 35, ""name"": ""Comedy""}, {""id"": 10751, ""name"": ""Family""}, {""id"": 14, ""name"": ""Fantasy""}]"
276813,8,La hija del Can_­bal,Rosa Montero,"Espasa Calpe Mexicana, S.A.","[{""id"": 16, ""name"": ""Animation""}, {""id"": 35, ""name"": ""Comedy""}, {""id"": 10751, ""name"": ""Family""}, {""id"": 14, ""name"": ""Fantasy""}]"
276813,8,"Los Calusari/the Calusari (Coleccion \Expediente X\""/the X Files Series)""",Garth Nix,Everest Pub,"[{""id"": 28, ""name"": ""Action""}, {""id"": 80, ""name"": ""Crime""}, {""id"": 18, ""name"": ""Drama""}]"
276813,8,El Diaro De Bridget Jones,Helen Fielding,Lumen Espana,"[{""id"": 10751, ""name"": ""Family""}, {""id"": 16, ""name"": ""Animation""}]"
276813,6,Bridget Jones:Sobrevivir_©,Helen Fielding,Downtown Book Center Inc,"[{""id"": 12, ""name"": ""Adventure""}, {""id"": 14, ""name"": ""Fantasy""}, {""id"": 28, ""name"": ""Action""}, {""id"": 35, ""name"": ""Comedy""}, {""id"": 10751, ""name"": ""Family""}]"
276813,0,,,,"[{""id"": 12, ""name"": ""Adventure""}, {""id"": 28, ""name"": ""Action""}, {""id"": 53, ""name"": ""Thriller""}, {""id"": 878, ""name"": ""Science Fiction""}]"
276813,6,La Fiesta De Ralph,Lisa Jewell,Emece Editores,"[{""id"": 12, ""name"": ""Adventure""}, {""id"": 28, ""name"": ""Action""}, {""id"": 53, ""name"": ""Thriller""}, {""id"": 878, ""name"": ""Science Fiction""}]"
276813,0,,,,"[{""id"": 16, ""name"": ""Animation""}, {""id"": 12, ""name"": ""Adventure""}, {""id"": 10751, ""name"": ""Family""}]"
276813,8,Nadie Es Perfecto (Narrativa Actual),Jane Green,Oceano De Mexico,"[{""id"": 12, ""name"": ""Adventure""}, {""id"": 28, ""name"": ""Action""}, {""id"": 53, ""name"": ""Thriller""}, {""id"": 878, ""name"": ""Science Fiction""}]"
276813,8,Katie.com,Katherine Tarbox,Umbriel,"[{""id"": 28, ""name"": ""Action""}, {""id"": 12, ""name"": ""Adventure""}, {""id"": 14, ""name"": ""Fantasy""}]"
276814,8,The Circle And The Cross 1: Playing Of,Caiseal Mor,Random House Australia,"[{""id"": 28, ""name"": ""Action""}, {""id"": 12, ""name"": ""Adventure""}, {""id"": 878, ""name"": ""Science Fiction""}, {""id"": 53, ""name"": ""Thriller""}]"
276814,0,,,,"[{""id"": 53, ""name"": ""Thriller""}, {""id"": 9648, ""name"": ""Mystery""}]"
276814,9,Uther (Camulod Chronicles),Jack Whyte,Tor Books,"[{""id"": 12, ""name"": ""Adventure""}, {""id"": 14, ""name"": ""Fantasy""}, {""id"": 28, ""name"": ""Action""}]"
276817,9,PERFUME : PERFUME,Patrick Suskind,Washington Square Press,"[{""id"": 16, ""name"": ""Animation""}, {""id"": 10751, ""name"": ""Family""}, {""id"": 12, ""name"": ""Adventure""}, {""id"": 35, ""name"": ""Comedy""}]"
276820,8,The Rebel Angels,Robertson Davies,Penguin Books,"[{""id"": 14, ""name"": ""Fantasy""}, {""id"": 28, ""name"": ""Action""}, {""id"": 12, ""name"": ""Adventure""}, {""id"": 10751, ""name"": ""Family""}, {""id"": 35, ""name"": ""Comedy""}]"
276820,0,,,,"[{""id"": 12, ""name"": ""Adventure""}]"
276822,10,The Boy Next Door,Meggin Cabot,Avon Trade,"[{""id"": 35, ""name"": ""Comedy""}, {""id"": 14, ""name"": ""Fantasy""}]"
276822,9,Skin and Other Stories (Now in Speak!),Roald Dahl,Puffin Books,"[{""id"": 28, ""name"": ""Action""}, {""id"": 12, ""name"": ""Adventure""}, {""id"": 53, ""name"": ""Thriller""}]"
276822,10,Growing Wings,Laurel Winter,Puffin Books,"[{""id"": 18, ""name"": ""Drama""}, {""id"": 27, ""name"": ""Horror""}, {""id"": 53, ""name"": ""Thriller""}]"
276822,9,The Riddle of Scheherazade: And Other Amazing Puzzles,Raymond Smullyan,Harvest Books,"[{""id"": 10751, ""name"": ""Family""}, {""id"": 16, ""name"": ""Animation""}, {""id"": 12, ""name"": ""Adventure""}, {""id"": 35, ""name"": ""Comedy""}]"
276822,9,Hoot (Newbery Honor Book),CARL HIAASEN,Knopf Books for Young Readers,"[{""id"": 16, ""name"": ""Animation""}, {""id"": 10751, ""name"": ""Family""}]"
276822,10,A Kid's Guide to How to Save the Planet (Camelot world),Billy Goodman,Harpercollins Juvenile Books,"[{""id"": 28, ""name"": ""Action""}, {""id"": 12, ""name"": ""Adventure""}, {""id"": 10751, ""name"": ""Family""}, {""id"": 14, ""name"": ""Fantasy""}]"
276822,7,The Last Book in the Universe,Rodman Philbrick,Scholastic Signature,"[{""id"": 12, ""name"": ""Adventure""}, {""id"": 28, ""name"": ""Action""}, {""id"": 53, ""name"": ""Thriller""}]"
276822,6,The Contest,Gordon Korman,Scholastic,"[{""id"": 28, ""name"": ""Action""}, {""id"": 18, ""name"": ""Drama""}, {""id"": 53, ""name"": ""Thriller""}]"
276822,0,,,,"[{""id"": 12, ""name"": ""Adventure""}, {""id"": 16, ""name"": ""Animation""}, {""id"": 10751, ""name"": ""Family""}]"
276822,8,A String in the Harp,Nancy Bond,Aladdin,"[{""id"": 12, ""name"": ""Adventure""}, {""id"": 16, ""name"": ""Animation""}, {""id"": 35, ""name"": ""Comedy""}, {""id"": 10751, ""name"": ""Family""}]"
276822,0,,,,"[{""id"": 12, ""name"": ""Adventure""}, {""id"": 10751, ""name"": ""Family""}, {""id"": 14, ""name"": ""Fantasy""}]"
276822,9,The Sandy Bottom Orchestra,Jenny Nilson,Hyperion Books for Children,"[{""id"": 16, ""name"": ""Animation""}, {""id"": 12, ""name"": ""Adventure""}, {""id"": 10751, ""name"": ""Family""}]"
276822,10,"Artemis Fowl (Artemis Fowl, Book 1)",Eoin Colfer,Miramax Kids,"[{""id"": 12, ""name"": ""Adventure""}, {""id"": 18, ""name"": ""Drama""}, {""id"": 10752, ""name"": ""War""}]"
276822,10,The Number Devil: A Mathematical Adventure,Hans Magnus Enzensberger,Henry Holt & Company,"[{""id"": 16, ""name"": ""Animation""}, {""id"": 10751, ""name"": ""Family""}]"
276822,8,Surviving Sam,Karen Rivers,Polestar Book Publishers,"[{""id"": 12, ""name"": ""Adventure""}, {""id"": 28, ""name"": ""Action""}, {""id"": 53, ""name"": ""Thriller""}]"
276822,10,Random Acts of Kindness,Dawna Markova,Conari Press,"[{""id"": 28, ""name"": ""Action""}, {""id"": 14, ""name"": ""Fantasy""}, {""id"": 35, ""name"": ""Comedy""}]"
276827,0,,,,"[{""id"": 28, ""name"": ""Action""}, {""id"": 53, ""name"": ""Thriller""}, {""id"": 878, ""name"": ""Science Fiction""}, {""id"": 12, ""name"": ""Adventure""}]"
276828,7,Round about Midnight: A Portrait of Miles Davis,Eric Nisenson,Dial Press,"[{""id"": 28, ""name"": ""Action""}, {""id"": 12, ""name"": ""Adventure""}, {""id"": 35, ""name"": ""Comedy""}, {""id"": 878, ""name"": ""Science Fiction""}]"
276828,6,Ubu Roi*,Jarry,Editions Larousse,"[{""id"": 12, ""name"": ""Adventure""}, {""id"": 28, ""name"": ""Action""}, {""id"": 16, ""name"": ""Animation""}]"
276828,9,Des bateaux dans la nuit,Philippe Labro,Gallimard,"[{""id"": 28, ""name"": ""Action""}, {""id"": 12, ""name"": ""Adventure""}, {""id"": 16, ""name"": ""Animation""}, {""id"": 35, ""name"": ""Comedy""}, {""id"": 10751, ""name"": ""Family""}]"
276828,7,Contes De Ma Mere L'Oye,Charles Perrault,FOLIO,"[{""id"": 28, ""name"": ""Action""}, {""id"": 53, ""name"": ""Thriller""}, {""id"": 12, ""name"": ""Adventure""}]"
276828,10,Les Confessions: Livres I _?__ IV,Jean-Jacques Rousseau,Gallimard,"[{""id"": 14, ""name"": ""Fantasy""}, {""id"": 16, ""name"": ""Animation""}, {""id"": 10751, ""name"": ""Family""}]"
276828,4,Jean-Edern Hallier,Sarah Vajda,Flammarion,"[{""id"": 35, ""name"": ""Comedy""}]"
276828,6,Les derniers po_?_¨mes d'amour,Paul Eluard,Seghers,"[{""id"": 18, ""name"": ""Drama""}, {""id"": 28, ""name"": ""Action""}, {""id"": 10752, ""name"": ""War""}, {""id"": 36, ""name"": ""History""}]"
276828,6,Le Parfum : Histoire d'un meurtrier,Patrick S_?_¼skind,LGF,"[{""id"": 12, ""name"": ""Adventure""}, {""id"": 18, ""name"": ""Drama""}, {""id"": 28, ""name"": ""Action""}]"
276828,7,Stupeur Et Tremblements,Amelie Nothomb,Distribooks,"[{""id"": 878, ""name"": ""Science Fiction""}, {""id"": 28, ""name"": ""Action""}, {""id"": 12, ""name"": ""Adventure""}]"
276828,6,L'Orage,Deforges,Pocket (FR),"[{""id"": 14, ""name"": ""Fantasy""}, {""id"": 28, ""name"": ""Action""}]"
276828,6,Maudit Manege,Philippe Djian,Kurtzman Sales Inc,"[{""id"": 14, ""name"": ""Fantasy""}, {""id"": 28, ""name"": ""Action""}, {""id"": 12, ""name"": ""Adventure""}, {""id"": 16, ""name"": ""Animation""}, {""id"": 35, ""name"": ""Comedy""}, {""id"": 10751, ""name"": ""Family""}]"
276828,7,Le chateau des carpathes,Jules Verne,J'ai lu,"[{""id"": 14, ""name"": ""Fantasy""}]"
276828,4,La petite _?_©cuy_?_¨re a caft_?_©,Jean-Bernard Pouy,Baleine,"[{""id"": 28, ""name"": ""Action""}]"
276830,9,Move to Strike,Perri O'Shaughnessy,Island,"[{""id"": 28, ""name"": ""Action""}, {""id"": 9648, ""name"": ""Mystery""}, {""id"": 878, ""name"": ""Science Fiction""}]"
276832,4,The Last Time They Met : A Novel,Anita Shreve,Back Bay Books,"[{""id"": 28, ""name"": ""Action""}, {""id"": 12, ""name"": ""Adventure""}, {""id"": 35, ""name"": ""Comedy""}, {""id"": 80, ""name"": ""Crime""}, {""id"": 53, ""name"": ""Thriller""}]"
276832,5,Back When We Were Grownups : A Novel (Ballantine Reader's Circle),ANNE TYLER,Ballantine Books,"[{""id"": 18, ""name"": ""Drama""}, {""id"": 28, ""name"": ""Action""}, {""id"": 878, ""name"": ""Science Fiction""}]"
276833,5,"Field of Dishonor (Honor Harrington Series, Book 4)",David Weber,Baen,"[{""id"": 12, ""name"": ""Adventure""}, {""id"": 28, ""name"": ""Action""}, {""id"": 878, ""name"": ""Science Fiction""}, {""id"": 53, ""name"": ""Thriller""}]"
276835,10,Of Mice and Men. Text and Study Aids. (Lernmaterialien),John Steinbeck,Klett,"[{""id"": 28, ""name"": ""Action""}, {""id"": 12, ""name"": ""Adventure""}, {""id"": 35, ""name"": ""Comedy""}, {""id"": 18, ""name"": ""Drama""}, {""id"": 9648, ""name"": ""Mystery""}]"
276837,5,Go Ask Alice (Avon/Flare Book),James Jennings,Avon Books,"[{""id"": 12, ""name"": ""Adventure""}, {""id"": 28, ""name"": ""Action""}, {""id"": 16, ""name"": ""Animation""}, {""id"": 14, ""name"": ""Fantasy""}, {""id"": 878, ""name"": ""Science Fiction""}, {""id"": 53, ""name"": ""Thriller""}]"
276838,4,The Picture of Dorian Gray,Oscar Wilde,Barnes & Noble Books-Imports,"[{""id"": 28, ""name"": ""Action""}, {""id"": 12, ""name"": ""Adventure""}, {""id"": 878, ""name"": ""Science Fiction""}]"
276840,0,,,,"[{""id"": 12, ""name"": ""Adventure""}, {""id"": 28, ""name"": ""Action""}, {""id"": 53, ""name"": ""Thriller""}]"
276840,2,The Second Summer of the Sisterhood,ANN BRASHARES,Delacorte Books for Young Readers,"[{""id"": 12, ""name"": ""Adventure""}]"
276842,0,,,,"[{""id"": 12, ""name"": ""Adventure""}, {""id"": 14, ""name"": ""Fantasy""}, {""id"": 18, ""name"": ""Drama""}, {""id"": 10749, ""name"": ""Romance""}]"
276847,3,Along Came a Spider (Alex Cross Novels),James Patterson,Warner Books,"[{""id"": 16, ""name"": ""Animation""}, {""id"": 35, ""name"": ""Comedy""}, {""id"": 10751, ""name"": ""Family""}]"
276847,0,,,,"[{""id"": 878, ""name"": ""Science Fiction""}, {""id"": 28, ""name"": ""Action""}, {""id"": 12, ""name"": ""Adventure""}]"
276847,4,Schlafes Bruder,Robert Schneider,"Reclam, Leipzig","[{""id"": 12, ""name"": ""Adventure""}, {""id"": 10751, ""name"": ""Family""}, {""id"": 14, ""name"": ""Fantasy""}]"
276847,8,Der Stein der Kelten.,Michael Phillips,L_?_¼bbe,"[{""id"": 37, ""name"": ""Western""}, {""id"": 18, ""name"": ""Drama""}, {""id"": 12, ""name"": ""Adventure""}, {""id"": 53, ""name"": ""Thriller""}]"
276847,8,Nordermoor,Arnaldur Indridason,L_?_¼bbe,"[{""id"": 16, ""name"": ""Animation""}, {""id"": 10751, ""name"": ""Family""}]"
276847,7,Nur der Tod ist ohne Makel.,Ann Granger,L_?_¼bbe,"[{""id"": 16, ""name"": ""Animation""}, {""id"": 35, ""name"": ""Comedy""}, {""id"": 10751, ""name"": ""Family""}, {""id"": 37, ""name"": ""Western""}, {""id"": 12, ""name"": ""Adventure""}]"
276847,10,Der Kleine Hobbit,J. R. R. Tolkien,Distribooks,"[{""id"": 10751, ""name"": ""Family""}, {""id"": 16, ""name"": ""Animation""}, {""id"": 12, ""name"": ""Adventure""}, {""id"": 35, ""name"": ""Comedy""}]"
276847,10,Die Benachteiligung erfolgt durch die Post. Stilbl_?_¼ten aus Inseraten und Pressenotizen.,Georg Friedrich Nikol,Dtv,"[{""id"": 28, ""name"": ""Action""}, {""id"": 18, ""name"": ""Drama""}, {""id"": 9648, ""name"": ""Mystery""}, {""id"": 53, ""name"": ""Thriller""}]"
276847,10,Lieber Sport als Mord.,Horst Bosetzky,Dtv,"[{""id"": 12, ""name"": ""Adventure""}, {""id"": 16, ""name"": ""Animation""}, {""id"": 10751, ""name"": ""Family""}, {""id"": 35, ""name"": ""Comedy""}]"
276847,0,,,,"[{""id"": 878, ""name"": ""Science Fiction""}, {""id"": 28, ""name"": ""Action""}, {""id"": 12, ""name"": ""Adventure""}]"
276847,10,Gratsch.,Jockel Tschiersch,"Droemersche Verlagsanstalt Th. Knaur Nachf., GmbH & Co.","[{""id"": 12, ""name"": ""Adventure""}, {""id"": 28, ""name"": ""Action""}, {""id"": 878, ""name"": ""Science Fiction""}]"
276847,8,Das geheime ABC der Toten.,Patricia Cornwell,"Droemersche Verlagsanstalt Th. Knaur Nachf., GmbH & Co.","[{""id"": 14, ""name"": ""Fantasy""}, {""id"": 35, ""name"": ""Comedy""}, {""id"": 16, ""name"": ""Animation""}, {""id"": 878, ""name"": ""Science Fiction""}, {""id"": 10751, ""name"": ""Family""}]"
276847,9,Hitlers Kinder.,Guido Knopp,Goldmann,"[{""id"": 12, ""name"": ""Adventure""}, {""id"": 53, ""name"": ""Thriller""}, {""id"": 878, ""name"": ""Science Fiction""}]"
276847,10,Auf Ehre und Gewissen. Roman.,Elizabeth George,Goldmann,"[{""id"": 12, ""name"": ""Adventure""}, {""id"": 28, ""name"": ""Action""}, {""id"": 35, ""name"": ""Comedy""}, {""id"": 53, ""name"": ""Thriller""}, {""id"": 80, ""name"": ""Crime""}]"
276847,9,Keiner werfe den ersten Stein. Roman.,Elizabeth George,Goldmann,"[{""id"": 28, ""name"": ""Action""}, {""id"": 12, ""name"": ""Adventure""}, {""id"": 16, ""name"": ""Animation""}, {""id"": 10751, ""name"": ""Family""}, {""id"": 14, ""name"": ""Fantasy""}]"
276847,8,Denn keiner ist ohne Schuld.,Elizabeth George,Goldmann,"[{""id"": 28, ""name"": ""Action""}, {""id"": 9648, ""name"": ""Mystery""}, {""id"": 53, ""name"": ""Thriller""}]"
276847,7,Asche zu Asche.,Elizabeth George,Goldmann,"[{""id"": 18, ""name"": ""Drama""}, {""id"": 12, ""name"": ""Adventure""}]"
276847,10,Im Angesicht des Feindes.,Elizabeth George,Goldmann,"[{""id"": 12, ""name"": ""Adventure""}, {""id"": 16, ""name"": ""Animation""}, {""id"": 9648, ""name"": ""Mystery""}]"
276847,10,Reif f_?_¼r die Insel. England f_?_¼r Anf_?_¤nger und Fortgeschrittene.,Bill Bryson,Goldmann,"[{""id"": 12, ""name"": ""Adventure""}, {""id"": 14, ""name"": ""Fantasy""}, {""id"": 10751, ""name"": ""Family""}]"
276847,8,Denn sie betr_?_¼gt man nicht.,Elizabeth George,Goldmann,"[{""id"": 18, ""name"": ""Drama""}]"
276847,10,Mit dem K_?_¼hlschrank durch Irland.,Tony Hawks,Goldmann,"[{""id"": 878, ""name"": ""Science Fiction""}, {""id"": 28, ""name"": ""Action""}, {""id"": 12, ""name"": ""Adventure""}]"
276847,7,Die Hirnk_?_¶nigin.,Thea Dorn,Goldmann,"[{""id"": 16, ""name"": ""Animation""}, {""id"": 10751, ""name"": ""Family""}]"
276847,9,Undank ist der V_?_¤ter Lohn.,Elizabeth George,Goldmann,"[{""id"": 12, ""name"": ""Adventure""}, {""id"": 35, ""name"": ""Comedy""}, {""id"": 14, ""name"": ""Fantasy""}, {""id"": 10751, ""name"": ""Family""}]"
276847,6,Der Goldene Kompass / The Golden Compass,Philip Pullman,Distribooks,"[{""id"": 16, ""name"": ""Animation""}, {""id"": 28, ""name"": ""Action""}, {""id"": 35, ""name"": ""Comedy""}, {""id"": 10751, ""name"": ""Family""}, {""id"": 878, ""name"": ""Science Fiction""}]"
276847,10,Auf d_?_¼nnem Eis.,Charles Todd,Heyne,"[{""id"": 12, ""name"": ""Adventure""}, {""id"": 14, ""name"": ""Fantasy""}, {""id"": 10751, ""name"": ""Family""}]"
276847,0,,,,"[{""id"": 14, ""name"": ""Fantasy""}, {""id"": 28, ""name"": ""Action""}, {""id"": 35, ""name"": ""Comedy""}, {""id"": 80, ""name"": ""Crime""}]"
276847,7,Die Welle,Rhue,"Ullstein-Taschenbuch-Verlag, Zweigniederlassung der Ullstein Buchverlage GmbH","[{""id"": 12, ""name"": ""Adventure""}, {""id"": 14, ""name"": ""Fantasy""}, {""id"": 28, ""name"": ""Action""}]"
276847,9,Der Unterh_?_¤ndler.,Frederick Forsyth,Piper,"[{""id"": 878, ""name"": ""Science Fiction""}, {""id"": 12, ""name"": ""Adventure""}, {""id"": 53, ""name"": ""Thriller""}]"
276847,3,Inspektor Jury k_?_¼_?_?t die Muse. Roman.,Martha Grimes,Rowohlt Tb.,"[{""id"": 53, ""name"": ""Thriller""}, {""id"": 9648, ""name"": ""Mystery""}]"
276847,7,Im Keller.,Jan Philipp Reemtsma,Rowohlt Tb.,"[{""id"": 16, ""name"": ""Animation""}, {""id"": 12, ""name"": ""Adventure""}, {""id"": 35, ""name"": ""Comedy""}, {""id"": 10751, ""name"": ""Family""}]"
276847,6,"Alte Freunde, neue Feinde. Ein Fall f_?_¼r Bernhard Gunther.",Philip Kerr,Rowohlt Tb.,"[{""id"": 12, ""name"": ""Adventure""}, {""id"": 28, ""name"": ""Action""}, {""id"": 878, ""name"": ""Science Fiction""}, {""id"": 53, ""name"": ""Thriller""}]"
276847,4,Der Tag X.,Philip Kerr,Rowohlt Tb.,"[{""id"": 28, ""name"": ""Action""}, {""id"": 53, ""name"": ""Thriller""}, {""id"": 80, ""name"": ""Crime""}]"
276847,5,Tod im wei_?_?en H_?_¤ubchen.,P. D. James,Rowohlt Tb.,"[{""id"": 12, ""name"": ""Adventure""}, {""id"": 28, ""name"": ""Action""}, {""id"": 80, ""name"": ""Crime""}, {""id"": 9648, ""name"": ""Mystery""}]"
276847,5,Inspektor Jury bricht das Eis. Roman.,Martha Grimes,Wunderlich im Rowohlt,"[{""id"": 12, ""name"": ""Adventure""}, {""id"": 14, ""name"": ""Fantasy""}, {""id"": 28, ""name"": ""Action""}]"
276847,8,Goldmann: Feuer in Berlin,Kerr,Wilhelm Goldmann Verlag GmbH,"[{""id"": 28, ""name"": ""Action""}, {""id"": 12, ""name"": ""Adventure""}, {""id"": 878, ""name"": ""Science Fiction""}]"
276847,10,Le Petit Prince. (Franz_?_¶sische Ausgabe). (Lernmaterialien),Antoine de Saint-Exupery,"F. Sch_?_¶ningh, Paderborn","[{""id"": 12, ""name"": ""Adventure""}, {""id"": 14, ""name"": ""Fantasy""}, {""id"": 28, ""name"": ""Action""}]"
276847,5,Rand.,Jan Kjaerstad,List Tb.,"[{""id"": 28, ""name"": ""Action""}, {""id"": 53, ""name"": ""Thriller""}]"
276847,10,Harry Potter und der Stein der Weisen,Joanne K. Rowling,Carlsen Verlag GmbH,"[{""id"": 28, ""name"": ""Action""}, {""id"": 80, ""name"": ""Crime""}, {""id"": 14, ""name"": ""Fantasy""}]"
276847,10,Harry Potter und die Kammer des Schreckens,Joanne K. Rowling,Carlsen Verlag GmbH,"[{""id"": 10751, ""name"": ""Family""}, {""id"": 35, ""name"": ""Comedy""}, {""id"": 14, ""name"": ""Fantasy""}]"
276847,10,Harry Potter und der Gefangene von Azkaban,J. K. Rowling,Carlsen Verlag GmbH,"[{""id"": 28, ""name"": ""Action""}, {""id"": 12, ""name"": ""Adventure""}, {""id"": 878, ""name"": ""Science Fiction""}, {""id"": 53, ""name"": ""Thriller""}]"
276847,10,Harry Potter Und Der Feuerkelch,Joanne K. Rowling,Carlsen Verlag GmbH,"[{""id"": 12, ""name"": ""Adventure""}, {""id"": 28, ""name"": ""Action""}, {""id"": 53, ""name"": ""Thriller""}]"
276847,9,Saemtliche Erzaehlungen,Franz Kafka,Fischer Taschenbuch Verlag,"[{""id"": 18, ""name"": ""Drama""}]"
276847,7,Der Herr der Ringe. Anh_?_¤nge und Register.,John Ronald Reuel Tolkien,Klett-Cotta,"[{""id"": 12, ""name"": ""Adventure""}, {""id"": 14, ""name"": ""Fantasy""}, {""id"": 28, ""name"": ""Action""}, {""id"": 53, ""name"": ""Thriller""}]"
276847,10,Die Gefahrten I,J. R. R. Tolkien,Distribooks,"[{""id"": 12, ""name"": ""Adventure""}, {""id"": 18, ""name"": ""Drama""}, {""id"": 28, ""name"": ""Action""}]"
276847,10,Die Zwei Turme II,J. R. R. Tolkien,Distribooks,"[{""id"": 53, ""name"": ""Thriller""}, {""id"": 28, ""name"": ""Action""}, {""id"": 14, ""name"": ""Fantasy""}, {""id"": 27, ""name"": ""Horror""}]"
276847,10,Die Wiederkehr Des Konigs III,J. R. R. Tolkien,Distribooks Intl,"[{""id"": 28, ""name"": ""Action""}, {""id"": 53, ""name"": ""Thriller""}]"
276847,5,Der Sterne Tennisb_?_¤lle.,Stephen Fry,Aufbau Tb,"[{""id"": 28, ""name"": ""Action""}, {""id"": 12, ""name"": ""Adventure""}, {""id"": 35, ""name"": ""Comedy""}]"
276847,5,Ungarn.,Elke Eberhardt,Dumont Reiseverlag,"[{""id"": 878, ""name"": ""Science Fiction""}, {""id"": 12, ""name"": ""Adventure""}, {""id"": 9648, ""name"": ""Mystery""}]"
276847,8,Die Chirurgin.,Tess Gerritsen,Limes,"[{""id"": 10751, ""name"": ""Family""}, {""id"": 12, ""name"": ""Adventure""}, {""id"": 16, ""name"": ""Animation""}, {""id"": 35, ""name"": ""Comedy""}]"
276847,10,Das bizarre Sexualleben der Tiere. Ein popul_?_¤res Lexikon von Aal bis Zebra.,Michael Miersch,Eichborn,"[{""id"": 878, ""name"": ""Science Fiction""}, {""id"": 28, ""name"": ""Action""}, {""id"": 18, ""name"": ""Drama""}, {""id"": 53, ""name"": ""Thriller""}]"
276847,0,,,,"[{""id"": 28, ""name"": ""Action""}, {""id"": 878, ""name"": ""Science Fiction""}]"
276848,0,,,,"[{""id"": 28, ""name"": ""Action""}, {""id"": 878, ""name"": ""Science Fiction""}]"
276848,0,,,,"[{""id"": 28, ""name"": ""Action""}, {""id"": 10751, ""name"": ""Family""}, {""id"": 878, ""name"": ""Science Fiction""}]"
276848,5,Die siebte Gei_?_?el.,Ann Benson,Goldmann,"[{""id"": 35, ""name"": ""Comedy""}, {""id"": 18, ""name"": ""Drama""}, {""id"": 10749, ""name"": ""Romance""}]"
276848,0,,,,"[{""id"": 28, ""name"": ""Action""}, {""id"": 35, ""name"": ""Comedy""}]"
276848,6,Gevatter Tod. Roman. ( Fantasy).,Terry Pratchett,Heyne,"[{""id"": 28, ""name"": ""Action""}, {""id"": 878, ""name"": ""Science Fiction""}, {""id"": 12, ""name"": ""Adventure""}, {""id"": 9648, ""name"": ""Mystery""}]"
276848,6,Die Jury. Roman.,John Grisham,Heyne,"[{""id"": 878, ""name"": ""Science Fiction""}, {""id"": 12, ""name"": ""Adventure""}, {""id"": 28, ""name"": ""Action""}]"
276848,6,Die Firma. Roman.,John Grisham,Heyne,"[{""id"": 12, ""name"": ""Adventure""}, {""id"": 28, ""name"": ""Action""}, {""id"": 878, ""name"": ""Science Fiction""}]"
276848,6,Der Regenmacher.,John Grisham,Heyne,"[{""id"": 16, ""name"": ""Animation""}, {""id"": 35, ""name"": ""Comedy""}, {""id"": 10751, ""name"": ""Family""}]"
276848,6,Kaltgestellt.,Colin Forbes,Heyne,"[{""id"": 28, ""name"": ""Action""}, {""id"": 878, ""name"": ""Science Fiction""}, {""id"": 12, ""name"": ""Adventure""}, {""id"": 14, ""name"": ""Fantasy""}]"
276848,0,,,,"[{""id"": 12, ""name"": ""Adventure""}, {""id"": 28, ""name"": ""Action""}, {""id"": 878, ""name"": ""Science Fiction""}]"
276848,0,,,,"[{""id"": 12, ""name"": ""Adventure""}, {""id"": 16, ""name"": ""Animation""}, {""id"": 35, ""name"": ""Comedy""}, {""id"": 10751, ""name"": ""Family""}, {""id"": 14, ""name"": ""Fantasy""}]"
276848,3,Das Superwieb,Hera Lind,Distribooks Inc,"[{""id"": 14, ""name"": ""Fantasy""}, {""id"": 12, ""name"": ""Adventure""}, {""id"": 35, ""name"": ""Comedy""}, {""id"": 10751, ""name"": ""Family""}]"
276848,0,,,,"[{""id"": 18, ""name"": ""Drama""}, {""id"": 28, ""name"": ""Action""}, {""id"": 36, ""name"": ""History""}, {""id"": 10752, ""name"": ""War""}]"
276848,3,Ich liebe Dich!: Ein Eisenbahnroman mit 66 Intermezzos,Paul Scheerbart,Affholderbach & Strohmann,"[{""id"": 28, ""name"": ""Action""}, {""id"": 12, ""name"": ""Adventure""}, {""id"": 18, ""name"": ""Drama""}]"
276850,7,Alaska,James A. Michener,Fawcett Books,"[{""id"": 878, ""name"": ""Science Fiction""}, {""id"": 28, ""name"": ""Action""}, {""id"": 12, ""name"": ""Adventure""}, {""id"": 14, ""name"": ""Fantasy""}, {""id"": 35, ""name"": ""Comedy""}]"
276852,0,,,,"[{""id"": 878, ""name"": ""Science Fiction""}, {""id"": 53, ""name"": ""Thriller""}, {""id"": 18, ""name"": ""Drama""}]"
276852,2,O Pioneers! (Bantam Classic),Willa Cather,Bantam Books,"[{""id"": 28, ""name"": ""Action""}, {""id"": 12, ""name"": ""Adventure""}, {""id"": 53, ""name"": ""Thriller""}]"
276853,1,Los Trapos Sucios - Manolito Gafotas,Lindo,European Schoolbooks Limited,"[{""id"": 14, ""name"": ""Fantasy""}, {""id"": 28, ""name"": ""Action""}, {""id"": 12, ""name"": ""Adventure""}, {""id"": 35, ""name"": ""Comedy""}]"
276853,7,Mycroft Holmes Contra La Hermandad,Quinn Fawcett,Timun Mas,"[{""id"": 28, ""name"": ""Action""}, {""id"": 12, ""name"": ""Adventure""}, {""id"": 878, ""name"": ""Science Fiction""}]"
276854,5,Soul Survivor,Christopher Golden,Simon Pulse,"[{""id"": 28, ""name"": ""Action""}, {""id"": 12, ""name"": ""Adventure""}, {""id"": 35, ""name"": ""Comedy""}, {""id"": 10751, ""name"": ""Family""}, {""id"": 14, ""name"": ""Fantasy""}]"
276854,0,,,,"[{""id"": 28, ""name"": ""Action""}, {""id"": 18, ""name"": ""Drama""}, {""id"": 53, ""name"": ""Thriller""}]"
276854,4,Alone with the Dead (Joe Keough Mysteries (Paperback)),Robert J. Randisi,Leisure Books,"[{""id"": 12, ""name"": ""Adventure""}, {""id"": 28, ""name"": ""Action""}, {""id"": 53, ""name"": ""Thriller""}]"
276856,5,La Citadelle Du Vertige,Grousset,Hachette,"[{""id"": 18, ""name"": ""Drama""}, {""id"": 36, ""name"": ""History""}, {""id"": 10752, ""name"": ""War""}, {""id"": 28, ""name"": ""Action""}]"
276856,0,,,,"[{""id"": 53, ""name"": ""Thriller""}, {""id"": 80, ""name"": ""Crime""}]"
276856,7,Les Six Compagnons _?__ Scotland Yard,Paul-Jacques Bonzon,Hachette Litt_?_©rature,"[{""id"": 28, ""name"": ""Action""}, {""id"": 35, ""name"": ""Comedy""}, {""id"": 18, ""name"": ""Drama""}, {""id"": 53, ""name"": ""Thriller""}]"
276856,9,Mon bel oranger,Jos_?_© Mauro de Vasconcelos,Hachette Jeunesse,"[{""id"": 12, ""name"": ""Adventure""}, {""id"": 878, ""name"": ""Science Fiction""}, {""id"": 53, ""name"": ""Thriller""}]"
276856,7,L'Appel de la for_?_ªt,Jack London,Hachette Jeunesse,"[{""id"": 18, ""name"": ""Drama""}]"
276856,5,Un Bon Petit Diable,Segur,Livre de Poche,"[{""id"": 35, ""name"": ""Comedy""}]"
276856,0,,,,"[{""id"": 28, ""name"": ""Action""}, {""id"": 80, ""name"": ""Crime""}, {""id"": 35, ""name"": ""Comedy""}]"
276856,3,Les derniers g_?_©ants,Fran_?_§ois Place,Casterman,"[{""id"": 28, ""name"": ""Action""}, {""id"": 10752, ""name"": ""War""}]"
276856,2,"Iznogoud, tome 2 : Les complots d'Iznogoud",Philippe Tabary,Dargaud,"[{""id"": 16, ""name"": ""Animation""}, {""id"": 10751, ""name"": ""Family""}, {""id"": 12, ""name"": ""Adventure""}, {""id"": 35, ""name"": ""Comedy""}, {""id"": 14, ""name"": ""Fantasy""}]"
276856,0,,,,"[{""id"": 16, ""name"": ""Animation""}, {""id"": 10751, ""name"": ""Family""}]"
276856,5,Le Grand Meaulnes (Classiques De Poche),Alain-Fournier,Distribooks Inc,"[{""id"": 12, ""name"": ""Adventure""}, {""id"": 878, ""name"": ""Science Fiction""}]"
276856,6,"Percevan, tome 1 : Les Trois Etoiles d'Ingaar",Philippe Luguy,Gl_?_©nat,"[{""id"": 28, ""name"": ""Action""}, {""id"": 878, ""name"": ""Science Fiction""}, {""id"": 18, ""name"": ""Drama""}]"
276856,0,,,,"[{""id"": 14, ""name"": ""Fantasy""}, {""id"": 10751, ""name"": ""Family""}, {""id"": 35, ""name"": ""Comedy""}, {""id"": 16, ""name"": ""Animation""}]"
276856,6,"Les Tuniques bleues, tome 1 : un chariot dans l'ouest",Louis Salv_?_©rius,Dupuis,"[{""id"": 28, ""name"": ""Action""}, {""id"": 12, ""name"": ""Adventure""}, {""id"": 53, ""name"": ""Thriller""}]"
276856,6,"BD Pirate : Cupidon, tome 2 : Philtre d'amour",Malik,Dupuis,"[{""id"": 878, ""name"": ""Science Fiction""}, {""id"": 28, ""name"": ""Action""}, {""id"": 12, ""name"": ""Adventure""}]"
276856,3,"BD Pirate : Cupidon, tome 3 : Baiser de feu",Malik,Dupuis,"[{""id"": 28, ""name"": ""Action""}, {""id"": 53, ""name"": ""Thriller""}]"
276856,0,,,,"[{""id"": 12, ""name"": ""Adventure""}, {""id"": 14, ""name"": ""Fantasy""}, {""id"": 28, ""name"": ""Action""}]"
276856,0,,,,"[{""id"": 28, ""name"": ""Action""}, {""id"": 12, ""name"": ""Adventure""}, {""id"": 35, ""name"": ""Comedy""}]"
276856,0,,,,"[{""id"": 18, ""name"": ""Drama""}]"
276856,0,,,,"[{""id"": 35, ""name"": ""Comedy""}, {""id"": 14, ""name"": ""Fantasy""}, {""id"": 10751, ""name"": ""Family""}]"
276856,5,"L_?_©onard, tome 1 : L_?_©onard est un g_?_©nie",Bob de Groot,Le Lombard,"[{""id"": 28, ""name"": ""Action""}, {""id"": 878, ""name"": ""Science Fiction""}]"
276856,0,,,,"[{""id"": 18, ""name"": ""Drama""}, {""id"": 28, ""name"": ""Action""}, {""id"": 12, ""name"": ""Adventure""}, {""id"": 36, ""name"": ""History""}, {""id"": 10752, ""name"": ""War""}]"
276857,0,,,,"[{""id"": 16, ""name"": ""Animation""}, {""id"": 14, ""name"": ""Fantasy""}, {""id"": 10751, ""name"": ""Family""}, {""id"": 35, ""name"": ""Comedy""}]"
276859,8,What's That Pig Outdoors: A Memoir of Deafness,Henry Kisor,Penguin Books,"[{""id"": 10749, ""name"": ""Romance""}, {""id"": 10751, ""name"": ""Family""}, {""id"": 16, ""name"": ""Animation""}, {""id"": 10402, ""name"": ""Music""}]"
276859,0,,,,"[{""id"": 18, ""name"": ""Drama""}, {""id"": 12, ""name"": ""Adventure""}, {""id"": 878, ""name"": ""Science Fiction""}]"
276859,9,"The Power to Harm: Mind, Medicine, and Murder on Trial",John Cornwell,Penguin Books,"[{""id"": 28, ""name"": ""Action""}, {""id"": 53, ""name"": ""Thriller""}, {""id"": 878, ""name"": ""Science Fiction""}, {""id"": 12, ""name"": ""Adventure""}]"
276859,2,The Wonderful Story of Henry Sugar and Six More,Roald Dahl,Penguin USA,"[{""id"": 35, ""name"": ""Comedy""}, {""id"": 10749, ""name"": ""Romance""}]"
276859,8,Tales of the Greek Heroes: Retold from the Ancient Authors (Puffin Classics),Roger Lancelyn Green,Puffin Books,"[{""id"": 28, ""name"": ""Action""}, {""id"": 80, ""name"": ""Crime""}, {""id"": 53, ""name"": ""Thriller""}]"
276859,3,Kim (Puffin Classics-the Essential Collection),Rudyard Kipling,Puffin Books,"[{""id"": 28, ""name"": ""Action""}, {""id"": 18, ""name"": ""Drama""}, {""id"": 12, ""name"": ""Adventure""}]"
276859,3,How to Deal With Your Parents: When They Still Treat You Like a Child,Lynn Osterkamp,Berkley Pub Group,"[{""id"": 28, ""name"": ""Action""}, {""id"": 53, ""name"": ""Thriller""}, {""id"": 878, ""name"": ""Science Fiction""}, {""id"": 9648, ""name"": ""Mystery""}]"
276859,7,French Cuisine for All,Louisette Bertholle,Weathervane Books,"[{""id"": 12, ""name"": ""Adventure""}, {""id"": 14, ""name"": ""Fantasy""}, {""id"": 10751, ""name"": ""Family""}]"
276859,3,Journey Through Nature (Journey Through Series),Jim Flegg,Egmont Childrens Books,"[{""id"": 12, ""name"": ""Adventure""}, {""id"": 28, ""name"": ""Action""}, {""id"": 53, ""name"": ""Thriller""}]"
276859,8,Going Inside: A Couple's Journey of Renewal into the North,Alan S. Kesselheim,McClelland & Stewart Ltd,"[{""id"": 53, ""name"": ""Thriller""}, {""id"": 878, ""name"": ""Science Fiction""}, {""id"": 28, ""name"": ""Action""}, {""id"": 12, ""name"": ""Adventure""}]"
276859,8,The Complete Idiot's Guide to the Microsoft Network,John Pivovarnick,Que,"[{""id"": 28, ""name"": ""Action""}, {""id"": 53, ""name"": ""Thriller""}, {""id"": 878, ""name"": ""Science Fiction""}]"
276859,10,Attack Of The Deranged Mutant Killer Snow Goons,Bill Watterson,Andrews McMeel Publishing,"[{""id"": 36, ""name"": ""History""}, {""id"": 80, ""name"": ""Crime""}, {""id"": 18, ""name"": ""Drama""}]"
276859,10,Calvin and Hobbes,Bill Watterson,Andrews McMeel Publishing,"[{""id"": 18, ""name"": ""Drama""}, {""id"": 80, ""name"": ""Crime""}]"
276859,9,"The Best of Bombeck: At Wit's End, Just Wait Until You Have Children of Your Own, I Lost Everything in the Post-Natal Depression",Erma Bombeck,BBS Publishing Corporation,"[{""id"": 28, ""name"": ""Action""}, {""id"": 53, ""name"": ""Thriller""}]"
276859,6,Dear Children of the Earth: A Letter from Home,Schim Schimmel,Northword Press,"[{""id"": 53, ""name"": ""Thriller""}, {""id"": 18, ""name"": ""Drama""}, {""id"": 80, ""name"": ""Crime""}]"
276859,8,The Complete Idiots Guide to Getting the Job You Want (W/2 Discs),Marc A. Dorio,Macmillan Distribution,"[{""id"": 35, ""name"": ""Comedy""}, {""id"": 10749, ""name"": ""Romance""}]"
276859,3,Deux Grands Ducs Dans La Famille (Collection Des Deux Solitudes: Jeunesse),Farley Mowat,P. Tisseyere,"[{""id"": 28, ""name"": ""Action""}, {""id"": 35, ""name"": ""Comedy""}, {""id"": 80, ""name"": ""Crime""}]"
276859,3,Die H_?_¤upter meiner Lieben.,Ingrid Noll,Diogenes Verlag,"[{""id"": 28, ""name"": ""Action""}, {""id"": 18, ""name"": ""Drama""}, {""id"": 9648, ""name"": ""Mystery""}, {""id"": 53, ""name"": ""Thriller""}]"
276861,0,,,,"[{""id"": 18, ""name"": ""Drama""}, {""id"": 37, ""name"": ""Western""}]"
276861,3,Die rote Antilope.,Henning Mankell,Dtv,"[{""id"": 18, ""name"": ""Drama""}, {""id"": 16, ""name"": ""Animation""}, {""id"": 10751, ""name"": ""Family""}]"
276861,10,Die Weiss Lowin / Contemporary German Lit,Henning Mankell,Distribooks,"[{""id"": 12, ""name"": ""Adventure""}, {""id"": 16, ""name"": ""Animation""}, {""id"": 35, ""name"": ""Comedy""}, {""id"": 10751, ""name"": ""Family""}, {""id"": 14, ""name"": ""Fantasy""}]"
276861,0,,,,"[{""id"": 28, ""name"": ""Action""}, {""id"": 12, ""name"": ""Adventure""}, {""id"": 53, ""name"": ""Thriller""}]"
276861,0,,,,"[{""id"": 12, ""name"": ""Adventure""}, {""id"": 28, ""name"": ""Action""}, {""id"": 53, ""name"": ""Thriller""}, {""id"": 9648, ""name"": ""Mystery""}]"
276861,8,Der Unsichtbare. ( Ab 13 J.).,Mats Wahl,Carl Hanser Verlag,"[{""id"": 14, ""name"": ""Fantasy""}, {""id"": 28, ""name"": ""Action""}, {""id"": 12, ""name"": ""Adventure""}, {""id"": 10751, ""name"": ""Family""}]"
276861,6,Die M_?_¤dchen mit den dunklen Augen.,Judith Lennox,Piper,"[{""id"": 10751, ""name"": ""Family""}, {""id"": 14, ""name"": ""Fantasy""}]"
276861,9,Die Kunst des Verschwindens.,Jim Dodge,Rowohlt Tb.,"[{""id"": 16, ""name"": ""Animation""}, {""id"": 12, ""name"": ""Adventure""}, {""id"": 10751, ""name"": ""Family""}, {""id"": 14, ""name"": ""Fantasy""}]"
276861,9,Die Gefahrten I,J. R. R. Tolkien,Distribooks,"[{""id"": 28, ""name"": ""Action""}, {""id"": 53, ""name"": ""Thriller""}, {""id"": 10749, ""name"": ""Romance""}]"
276861,9,Die Zwei Turme II,J. R. R. Tolkien,Distribooks,"[{""id"": 28, ""name"": ""Action""}, {""id"": 14, ""name"": ""Fantasy""}, {""id"": 27, ""name"": ""Horror""}, {""id"": 9648, ""name"": ""Mystery""}]"
276861,9,Die Wiederkehr Des Konigs III,J. R. R. Tolkien,Distribooks Intl,"[{""id"": 18, ""name"": ""Drama""}, {""id"": 53, ""name"": ""Thriller""}, {""id"": 28, ""name"": ""Action""}]"
276861,0,,,,"[{""id"": 80, ""name"": ""Crime""}, {""id"": 18, ""name"": ""Drama""}, {""id"": 35, ""name"": ""Comedy""}]"
276861,8,Was Mir Wichtig War: Letzte Aufzeichnungen Und Gesprache,Marion Grafin Donhoff,Verlag Wolf Jobst Siedler GmbH,"[{""id"": 28, ""name"": ""Action""}, {""id"": 80, ""name"": ""Crime""}, {""id"": 14, ""name"": ""Fantasy""}]"
276862,3,A Kiss of Shadows (Meredith Gentry Novels (Paperback)),LAURELL K. HAMILTON,Ballantine Books,"[{""id"": 12, ""name"": ""Adventure""}, {""id"": 28, ""name"": ""Action""}, {""id"": 53, ""name"": ""Thriller""}, {""id"": 878, ""name"": ""Science Fiction""}]"
276862,9,"Battle Angel Alita - Fallen Angel (Battle Angel Alita , No.8)",Yukito Kishiro,Viz Communications,"[{""id"": 18, ""name"": ""Drama""}, {""id"": 878, ""name"": ""Science Fiction""}]"
276862,8,Ice Blade: Snow Country (Ice Blade),Tutomu Takahashi,TokyoPop,"[{""id"": 16, ""name"": ""Animation""}, {""id"": 12, ""name"": ""Adventure""}, {""id"": 10751, ""name"": ""Family""}, {""id"": 14, ""name"": ""Fantasy""}]"
276863,0,,,,"[{""id"": 28, ""name"": ""Action""}, {""id"": 80, ""name"": ""Crime""}]"
276866,3,Verraten und verkauft. Roman.,Philippe Djian,Diogenes Verlag,"[{""id"": 28, ""name"": ""Action""}, {""id"": 12, ""name"": ""Adventure""}]"
276866,8,Die Krone der Welt.,Peter Berling,L_?_¼bbe,"[{""id"": 12, ""name"": ""Adventure""}, {""id"": 16, ""name"": ""Animation""}, {""id"": 10751, ""name"": ""Family""}, {""id"": 14, ""name"": ""Fantasy""}, {""id"": 878, ""name"": ""Science Fiction""}]"
276866,3,Nachtschicht.,Stephen King,L_?_¼bbe,"[{""id"": 12, ""name"": ""Adventure""}, {""id"": 35, ""name"": ""Comedy""}, {""id"": 878, ""name"": ""Science Fiction""}]"
276866,9,Das Lacheln der Fortuna: Historischer Roman,Rebecca Gable,L_?_¼bbe,"[{""id"": 28, ""name"": ""Action""}, {""id"": 12, ""name"": ""Adventure""}, {""id"": 53, ""name"": ""Thriller""}]"
276866,7,Die Dinge des Lebens.,Alexandra Jones,L_?_¼bbe,"[{""id"": 28, ""name"": ""Action""}, {""id"": 80, ""name"": ""Crime""}, {""id"": 53, ""name"": ""Thriller""}]"
276866,3,C_?_¤sar und Kleopatra. Die letzten Tage der R_?_¶mischen Republik.,Philipp Vandenberg,L_?_¼bbe,"[{""id"": 14, ""name"": ""Fantasy""}, {""id"": 35, ""name"": ""Comedy""}, {""id"": 10751, ""name"": ""Family""}, {""id"": 12, ""name"": ""Adventure""}]"
276866,3,Auf der Suche nach dem verlorenen Gl_?_¼ck.,Jean Liedloff,C.H.Beck,"[{""id"": 53, ""name"": ""Thriller""}, {""id"": 18, ""name"": ""Drama""}, {""id"": 12, ""name"": ""Adventure""}, {""id"": 28, ""name"": ""Action""}, {""id"": 36, ""name"": ""History""}]"
276866,5,Im Fr_?_¼hling singt zum letztenmal die Lerche.,Johannes Mario Simmel,Droemer Knaur,"[{""id"": 28, ""name"": ""Action""}, {""id"": 35, ""name"": ""Comedy""}, {""id"": 878, ""name"": ""Science Fiction""}]"
276866,3,Die Tochter der W_?_¤lder.,Juliet Marillier,"Droemersche Verlagsanstalt Th. Knaur Nachf., GmbH & Co.","[{""id"": 10752, ""name"": ""War""}, {""id"": 28, ""name"": ""Action""}, {""id"": 12, ""name"": ""Adventure""}, {""id"": 18, ""name"": ""Drama""}, {""id"": 53, ""name"": ""Thriller""}]"
276866,3,Im Eishaus.,Minette Walters,Goldmann,"[{""id"": 16, ""name"": ""Animation""}]"
276866,4,Die St_?_¶renfrieds. Geschichten von Leo und Paulina.,Amelie Fried,Goldmann,"[{""id"": 80, ""name"": ""Crime""}, {""id"": 18, ""name"": ""Drama""}, {""id"": 9648, ""name"": ""Mystery""}, {""id"": 53, ""name"": ""Thriller""}]"
276866,8,Die Zauberin von Ruwenda.,Marion Zimmer Bradley,Heyne,"[{""id"": 12, ""name"": ""Adventure""}, {""id"": 28, ""name"": ""Action""}, {""id"": 14, ""name"": ""Fantasy""}]"
276866,7,Das Haus auf den Klippen.,Mary Higgins Clark,Heyne,"[{""id"": 18, ""name"": ""Drama""}, {""id"": 36, ""name"": ""History""}, {""id"": 80, ""name"": ""Crime""}]"
276866,3,Das Schwarze Auge. Aus dunkler Tiefe.,Barbara B_?_¼chner,Heyne,"[{""id"": 18, ""name"": ""Drama""}, {""id"": 36, ""name"": ""History""}, {""id"": 10752, ""name"": ""War""}]"
276866,5,Im Netz der Spinnen. Videokill.,Wolfgang Hohlbein,Heyne,"[{""id"": 16, ""name"": ""Animation""}, {""id"": 35, ""name"": ""Comedy""}, {""id"": 10751, ""name"": ""Family""}]"
276866,3,Die Wolfsfrau. Die Kraft der weiblichen Urinstinkte.,Clarissa Pinkola Estes,Heyne,"[{""id"": 28, ""name"": ""Action""}, {""id"": 35, ""name"": ""Comedy""}, {""id"": 878, ""name"": ""Science Fiction""}]"
276866,3,Die Zauberfrau.,Hera Lind,"Fischer (Tb.), Frankfurt","[{""id"": 28, ""name"": ""Action""}, {""id"": 36, ""name"": ""History""}, {""id"": 10752, ""name"": ""War""}]"
276866,3,Beim Naechsten Mann Wird Alles (Frau in Der Gesellschaft),Eva Heller,Fischer Taschenbuch Verlag GmbH,"[{""id"": 35, ""name"": ""Comedy""}]"
276866,3,Ein Mann f_?_¼r jede Tonart. Roman. ( Die Frau in der Gesellschaft).,Hera Lind,"Fischer (Tb.), Frankfurt","[{""id"": 12, ""name"": ""Adventure""}, {""id"": 14, ""name"": ""Fantasy""}, {""id"": 28, ""name"": ""Action""}, {""id"": 53, ""name"": ""Thriller""}, {""id"": 878, ""name"": ""Science Fiction""}]"
276866,5,4000 Vornamen aus aller Welt. Von Alexander bis Zoe.,Ines Schill,Bassermann,"[{""id"": 35, ""name"": ""Comedy""}, {""id"": 18, ""name"": ""Drama""}, {""id"": 10749, ""name"": ""Romance""}]"
276869,3,Childhood's End,Clarke C.,Not Avail,"[{""id"": 12, ""name"": ""Adventure""}, {""id"": 16, ""name"": ""Animation""}, {""id"": 35, ""name"": ""Comedy""}, {""id"": 10751, ""name"": ""Family""}]"
276869,3,One,Richard Bach,Dell,"[{""id"": 16, ""name"": ""Animation""}, {""id"": 35, ""name"": ""Comedy""}, {""id"": 12, ""name"": ""Adventure""}, {""id"": 10751, ""name"": ""Family""}]"
276870,0,,,,"[{""id"": 10749, ""name"": ""Romance""}, {""id"": 14, ""name"": ""Fantasy""}, {""id"": 10751, ""name"": ""Family""}, {""id"": 18, ""name"": ""Drama""}]"
276872,8,Toxin,Robin Cook,Berkley Pub Group,"[{""id"": 14, ""name"": ""Fantasy""}, {""id"": 18, ""name"": ""Drama""}]"
276872,8,Whispers,Dean R. Koontz,Berkley Publishing Group,"[{""id"": 16, ""name"": ""Animation""}, {""id"": 10751, ""name"": ""Family""}]"
276872,7,Shadowland,Peter Straub,Berkley Publishing Group,"[{""id"": 12, ""name"": ""Adventure""}, {""id"": 14, ""name"": ""Fantasy""}, {""id"": 28, ""name"": ""Action""}]"
276872,0,,,,"[{""id"": 12, ""name"": ""Adventure""}, {""id"": 14, ""name"": ""Fantasy""}, {""id"": 28, ""name"": ""Action""}]"
276872,0,,,,"[{""id"": 12, ""name"": ""Adventure""}, {""id"": 14, ""name"": ""Fantasy""}]"
276872,10,Esta_§_£o Carandiru,Drauzio Varella,Companhia das Letras,"[{""id"": 12, ""name"": ""Adventure""}, {""id"": 14, ""name"": ""Fantasy""}, {""id"": 28, ""name"": ""Action""}, {""id"": 53, ""name"": ""Thriller""}]"
276872,0,,,,"[{""id"": 53, ""name"": ""Thriller""}, {""id"": 878, ""name"": ""Science Fiction""}, {""id"": 18, ""name"": ""Drama""}, {""id"": 9648, ""name"": ""Mystery""}]"
276872,0,,,,"[{""id"": 12, ""name"": ""Adventure""}, {""id"": 28, ""name"": ""Action""}, {""id"": 53, ""name"": ""Thriller""}, {""id"": 878, ""name"": ""Science Fiction""}]"
276873,0,,,,"[{""id"": 53, ""name"": ""Thriller""}, {""id"": 28, ""name"": ""Action""}, {""id"": 18, ""name"": ""Drama""}, {""id"": 878, ""name"": ""Science Fiction""}]"
276875,0,,,,"[{""id"": 12, ""name"": ""Adventure""}, {""id"": 10751, ""name"": ""Family""}, {""id"": 14, ""name"": ""Fantasy""}]"
276875,0,,,,"[{""id"": 28, ""name"": ""Action""}, {""id"": 53, ""name"": ""Thriller""}]"
276875,7,Desert Flower : The Extraordinary Journey Of A Desert Nomad,Waris Dirie,Perennial,"[{""id"": 37, ""name"": ""Western""}, {""id"": 36, ""name"": ""History""}, {""id"": 10752, ""name"": ""War""}]"
276875,0,,,,"[{""id"": 28, ""name"": ""Action""}, {""id"": 12, ""name"": ""Adventure""}, {""id"": 16, ""name"": ""Animation""}, {""id"": 10751, ""name"": ""Family""}]"
276875,0,,,,"[{""id"": 28, ""name"": ""Action""}, {""id"": 12, ""name"": ""Adventure""}]"
276875,0,,,,"[{""id"": 12, ""name"": ""Adventure""}, {""id"": 14, ""name"": ""Fantasy""}, {""id"": 10751, ""name"": ""Family""}]"
276875,0,,,,"[{""id"": 28, ""name"": ""Action""}, {""id"": 12, ""name"": ""Adventure""}, {""id"": 35, ""name"": ""Comedy""}, {""id"": 878, ""name"": ""Science Fiction""}]"
276875,6,Canone inverso: Romanzo (Scrittori italiani),Paolo Maurensig,A. Mondadori,"[{""id"": 16, ""name"": ""Animation""}, {""id"": 35, ""name"": ""Comedy""}, {""id"": 10751, ""name"": ""Family""}]"
276875,0,,,,"[{""id"": 28, ""name"": ""Action""}, {""id"": 53, ""name"": ""Thriller""}]"
276875,0,,,,"[{""id"": 28, ""name"": ""Action""}, {""id"": 35, ""name"": ""Comedy""}, {""id"": 80, ""name"": ""Crime""}, {""id"": 53, ""name"": ""Thriller""}]"
276875,0,,,,"[{""id"": 18, ""name"": ""Drama""}, {""id"": 27, ""name"": ""Horror""}, {""id"": 9648, ""name"": ""Mystery""}, {""id"": 53, ""name"": ""Thriller""}]"
276875,0,,,,"[{""id"": 16, ""name"": ""Animation""}, {""id"": 35, ""name"": ""Comedy""}, {""id"": 10751, ""name"": ""Family""}]"
276875,7,Un Giorno Dopo L'altro,Carlo Lucarelli,Einaudi,"[{""id"": 16, ""name"": ""Animation""}, {""id"": 35, ""name"": ""Comedy""}, {""id"": 10751, ""name"": ""Family""}, {""id"": 12, ""name"": ""Adventure""}]"
276875,0,,,,"[{""id"": 12, ""name"": ""Adventure""}, {""id"": 35, ""name"": ""Comedy""}, {""id"": 18, ""name"": ""Drama""}, {""id"": 14, ""name"": ""Fantasy""}]"
276875,7,Garzanti - Gli Elefanti: Altre Inquisizioni,Borges,Feltrinelli,"[{""id"": 28, ""name"": ""Action""}, {""id"": 12, ""name"": ""Adventure""}, {""id"": 35, ""name"": ""Comedy""}, {""id"": 80, ""name"": ""Crime""}, {""id"": 53, ""name"": ""Thriller""}]"
276875,7,Piccoli Equivoci Senza Importanza: Piccoli Equivoci Senza Importanza,Tabucchi,Feltrinelli,"[{""id"": 18, ""name"": ""Drama""}, {""id"": 53, ""name"": ""Thriller""}, {""id"": 80, ""name"": ""Crime""}]"
276875,0,,,,"[{""id"": 16, ""name"": ""Animation""}, {""id"": 10751, ""name"": ""Family""}, {""id"": 12, ""name"": ""Adventure""}]"
276875,0,,,,"[{""id"": 28, ""name"": ""Action""}, {""id"": 35, ""name"": ""Comedy""}]"
276875,0,,,,"[{""id"": 53, ""name"": ""Thriller""}, {""id"": 80, ""name"": ""Crime""}, {""id"": 9648, ""name"": ""Mystery""}, {""id"": 18, ""name"": ""Drama""}]"
276875,0,,,,"[{""id"": 28, ""name"": ""Action""}, {""id"": 53, ""name"": ""Thriller""}]"
276875,6,Oceano Mare,Alessandro Baricco,Biblioteca Universale Rizzoli,"[{""id"": 28, ""name"": ""Action""}, {""id"": 12, ""name"": ""Adventure""}, {""id"": 80, ""name"": ""Crime""}, {""id"": 9648, ""name"": ""Mystery""}]"
276875,0,,,,"[{""id"": 18, ""name"": ""Drama""}]"
276875,0,,,,"[{""id"": 16, ""name"": ""Animation""}, {""id"": 10751, ""name"": ""Family""}, {""id"": 12, ""name"": ""Adventure""}, {""id"": 878, ""name"": ""Science Fiction""}]"
276875,0,,,,"[{""id"": 12, ""name"": ""Adventure""}, {""id"": 16, ""name"": ""Animation""}, {""id"": 35, ""name"": ""Comedy""}, {""id"": 10751, ""name"": ""Family""}]"
276875,0,,,,"[{""id"": 18, ""name"": ""Drama""}, {""id"": 53, ""name"": ""Thriller""}, {""id"": 36, ""name"": ""History""}, {""id"": 10752, ""name"": ""War""}]"
276875,7,La Testa Fra Le Nuvole,Tamaro,Marsilio Editori,"[{""id"": 35, ""name"": ""Comedy""}, {""id"": 28, ""name"": ""Action""}]"
276875,4,Codice: Racconto (Varianti),Mario Giorgi,Bollati Boringhieri,"[{""id"": 28, ""name"": ""Action""}, {""id"": 35, ""name"": ""Comedy""}, {""id"": 878, ""name"": ""Science Fiction""}]"
276875,8,Il birraio di Preston (La memoria),Andrea Camilleri,Sellerio,"[{""id"": 18, ""name"": ""Drama""}, {""id"": 878, ""name"": ""Science Fiction""}, {""id"": 12, ""name"": ""Adventure""}]"
276875,0,,,,"[{""id"": 53, ""name"": ""Thriller""}, {""id"": 14, ""name"": ""Fantasy""}, {""id"": 35, ""name"": ""Comedy""}, {""id"": 10751, ""name"": ""Family""}, {""id"": 9648, ""name"": ""Mystery""}]"
276875,0,,,,"[{""id"": 18, ""name"": ""Drama""}, {""id"": 878, ""name"": ""Science Fiction""}, {""id"": 9648, ""name"": ""Mystery""}]"
276875,0,,,,"[{""id"": 28, ""name"": ""Action""}, {""id"": 878, ""name"": ""Science Fiction""}, {""id"": 53, ""name"": ""Thriller""}]"
276875,0,,,,"[{""id"": 80, ""name"": ""Crime""}, {""id"": 53, ""name"": ""Thriller""}]"
276875,0,,,,"[{""id"": 12, ""name"": ""Adventure""}, {""id"": 10751, ""name"": ""Family""}, {""id"": 14, ""name"": ""Fantasy""}]"
276875,0,,,,"[{""id"": 28, ""name"": ""Action""}, {""id"": 12, ""name"": ""Adventure""}, {""id"": 14, ""name"": ""Fantasy""}, {""id"": 53, ""name"": ""Thriller""}]"
276875,0,,,,"[{""id"": 28, ""name"": ""Action""}, {""id"": 12, ""name"": ""Adventure""}, {""id"": 35, ""name"": ""Comedy""}, {""id"": 80, ""name"": ""Crime""}, {""id"": 9648, ""name"": ""Mystery""}, {""id"": 53, ""name"": ""Thriller""}]"
276875,0,,,,"[{""id"": 53, ""name"": ""Thriller""}, {""id"": 28, ""name"": ""Action""}, {""id"": 10749, ""name"": ""Romance""}, {""id"": 878, ""name"": ""Science Fiction""}, {""id"": 12, ""name"": ""Adventure""}]"
276875,0,,,,"[{""id"": 28, ""name"": ""Action""}, {""id"": 80, ""name"": ""Crime""}, {""id"": 53, ""name"": ""Thriller""}]"
276875,0,,,,"[{""id"": 878, ""name"": ""Science Fiction""}]"
276875,0,,,,"[{""id"": 16, ""name"": ""Animation""}, {""id"": 12, ""name"": ""Adventure""}, {""id"": 35, ""name"": ""Comedy""}, {""id"": 10751, ""name"": ""Family""}]"
276875,0,,,,"[{""id"": 35, ""name"": ""Comedy""}, {""id"": 878, ""name"": ""Science Fiction""}]"
276875,0,,,,"[{""id"": 878, ""name"": ""Science Fiction""}, {""id"": 28, ""name"": ""Action""}, {""id"": 18, ""name"": ""Drama""}, {""id"": 53, ""name"": ""Thriller""}]"
276875,0,,,,"[{""id"": 80, ""name"": ""Crime""}, {""id"": 53, ""name"": ""Thriller""}, {""id"": 18, ""name"": ""Drama""}]"
276878,6,Crows,Charles Dickinson,Fawcett Books,"[{""id"": 18, ""name"": ""Drama""}, {""id"": 36, ""name"": ""History""}, {""id"": 53, ""name"": ""Thriller""}]"
276879,0,,,,"[{""id"": 12, ""name"": ""Adventure""}, {""id"": 14, ""name"": ""Fantasy""}, {""id"": 28, ""name"": ""Action""}]"
276884,2,The Name of the Rose,Umberto Eco,Harcourt,"[{""id"": 10749, ""name"": ""Romance""}, {""id"": 18, ""name"": ""Drama""}, {""id"": 36, ""name"": ""History""}]"
276884,0,,,,"[{""id"": 14, ""name"": ""Fantasy""}, {""id"": 28, ""name"": ""Action""}, {""id"": 10751, ""name"": ""Family""}]"
276884,0,,,,"[{""id"": 18, ""name"": ""Drama""}, {""id"": 36, ""name"": ""History""}]"
276884,0,,,,"[{""id"": 28, ""name"": ""Action""}, {""id"": 12, ""name"": ""Adventure""}, {""id"": 18, ""name"": ""Drama""}]"
276884,0,,,,"[{""id"": 12, ""name"": ""Adventure""}, {""id"": 18, ""name"": ""Drama""}]"
276887,5,Harold and the Purple Crayon 50th Anniversary Edition (Purple Crayon Books),Crockett Johnson,HarperTrophy,"[{""id"": 16, ""name"": ""Animation""}, {""id"": 35, ""name"": ""Comedy""}]"
276887,2,How To Win Friends And Influence People,Dale Carnegie,Pocket,"[{""id"": 28, ""name"": ""Action""}, {""id"": 18, ""name"": ""Drama""}, {""id"": 53, ""name"": ""Thriller""}]"
276887,9,Ender's Game (Ender Wiggins Saga (Paperback)),Orson Scott Card,Tor Books,"[{""id"": 28, ""name"": ""Action""}, {""id"": 53, ""name"": ""Thriller""}]"
276888,6,Un Amore Dell'altro Mondo,Pinclo,Einaudi,"[{""id"": 53, ""name"": ""Thriller""}, {""id"": 80, ""name"": ""Crime""}]"
276888,2,Siddharta Romanzo Versione Di M Mila,Hermann Hesse,Adelphi Book Shop Ltd,"[{""id"": 12, ""name"": ""Adventure""}, {""id"": 28, ""name"": ""Action""}, {""id"": 53, ""name"": ""Thriller""}]"
276889,2,The Jester,James Patterson,Warner Books,"[{""id"": 16, ""name"": ""Animation""}, {""id"": 35, ""name"": ""Comedy""}, {""id"": 10751, ""name"": ""Family""}, {""id"": 14, ""name"": ""Fantasy""}]"
276890,2,Flight of Eagles,Jack Higgins,Penguin Books Ltd,"[{""id"": 35, ""name"": ""Comedy""}, {""id"": 10751, ""name"": ""Family""}, {""id"": 14, ""name"": ""Fantasy""}, {""id"": 10749, ""name"": ""Romance""}]"
276896,10,The King of Torts,JOHN GRISHAM,Dell,"[{""id"": 28, ""name"": ""Action""}, {""id"": 53, ""name"": ""Thriller""}]"
276904,0,,,,"[{""id"": 35, ""name"": ""Comedy""}, {""id"": 10751, ""name"": ""Family""}]"
276904,10,Girl Coming in for a Landing,APRIL HALPRIN WAYLAND,Knopf Books for Young Readers,"[{""id"": 28, ""name"": ""Action""}, {""id"": 35, ""name"": ""Comedy""}]"
276904,5,Forbidden Forest: The Story of Little John and Robin Hood,Michael Cadnum,Scholastic,"[{""id"": 35, ""name"": ""Comedy""}, {""id"": 10749, ""name"": ""Romance""}]"
276904,10,Demon in My View (Laurel-Leaf Books),AMELIA ATWATER-RHODES,Laurel Leaf,"[{""id"": 28, ""name"": ""Action""}, {""id"": 18, ""name"": ""Drama""}, {""id"": 53, ""name"": ""Thriller""}]"
276904,10,The Watsons Go to Birmingham - 1963 (Yearling Newbery),CHRISTOPHER PAUL CURTIS,Yearling,"[{""id"": 35, ""name"": ""Comedy""}, {""id"": 10749, ""name"": ""Romance""}]"
276904,5,The MouseDriver Chronicles,John Lusk,Perseus Books Group,"[{""id"": 80, ""name"": ""Crime""}, {""id"": 53, ""name"": ""Thriller""}]"
276904,2,Moon Handbooks: Hawaii,J. D. Bisignani,Moon Travel Handbooks,"[{""id"": 12, ""name"": ""Adventure""}, {""id"": 16, ""name"": ""Animation""}, {""id"": 10751, ""name"": ""Family""}]"
276905,8,The Holiday Present,Johanna Lindsey,Avon Books,"[{""id"": 12, ""name"": ""Adventure""}, {""id"": 28, ""name"": ""Action""}, {""id"": 878, ""name"": ""Science Fiction""}]"
276905,5,Benedict Canyon,Laura Van Wormer,Fawcett Books,"[{""id"": 10752, ""name"": ""War""}]"
276905,2,"Roan (Blake, Jennifer, Louisiana Gentlemen Series.)",Jennifer Blake,Mira,"[{""id"": 12, ""name"": ""Adventure""}, {""id"": 28, ""name"": ""Action""}, {""id"": 35, ""name"": ""Comedy""}, {""id"": 53, ""name"": ""Thriller""}]"
276911,8,Buzon De Tiempo,Mario Benedetti,Santillana USA Publishing Company,"[{""id"": 12, ""name"": ""Adventure""}, {""id"": 14, ""name"": ""Fantasy""}, {""id"": 28, ""name"": ""Action""}, {""id"": 35, ""name"": ""Comedy""}, {""id"": 10751, ""name"": ""Family""}]"
276911,9,El Principito,Antoine De Saint-Exupery,Distribooks,"[{""id"": 18, ""name"": ""Drama""}, {""id"": 36, ""name"": ""History""}, {""id"": 10749, ""name"": ""Romance""}]"
276911,9,El Perfume: Historia De UN Asesino/Perfume : The Story of a Murderer,Patrick Suskind,Editorial Seix Barral,"[{""id"": 28, ""name"": ""Action""}, {""id"": 80, ""name"": ""Crime""}, {""id"": 18, ""name"": ""Drama""}, {""id"": 53, ""name"": ""Thriller""}]"
276912,6,One Thousand Chestnut Trees,Mira Stout,Harpercollins Publisher,"[{""id"": 18, ""name"": ""Drama""}, {""id"": 16, ""name"": ""Animation""}, {""id"": 10751, ""name"": ""Family""}, {""id"": 35, ""name"": ""Comedy""}]"
276912,0,,,,"[{""id"": 14, ""name"": ""Fantasy""}, {""id"": 18, ""name"": ""Drama""}, {""id"": 9648, ""name"": ""Mystery""}]"
276912,0,,,,"[{""id"": 28, ""name"": ""Action""}, {""id"": 53, ""name"": ""Thriller""}, {""id"": 18, ""name"": ""Drama""}]"
276912,2,Close to the Knives,David Wojnaroqicz,Serpents Tail/consortium,"[{""id"": 18, ""name"": ""Drama""}, {""id"": 10402, ""name"": ""Music""}]"
276915,7,Close to the Bone,David Wiltse,Berkley Publishing Group,"[{""id"": 12, ""name"": ""Adventure""}, {""id"": 14, ""name"": ""Fantasy""}, {""id"": 18, ""name"": ""Drama""}, {""id"": 35, ""name"": ""Comedy""}, {""id"": 878, ""name"": ""Science Fiction""}, {""id"": 10751, ""name"": ""Family""}]"
276916,8,The Tower at Stony Wood,Patricia A. McKillip,Ace Books,"[{""id"": 28, ""name"": ""Action""}, {""id"": 12, ""name"": ""Adventure""}, {""id"": 35, ""name"": ""Comedy""}]"
276925,0,,,,"[{""id"": 28, ""name"": ""Action""}, {""id"": 53, ""name"": ""Thriller""}, {""id"": 12, ""name"": ""Adventure""}, {""id"": 878, ""name"": ""Science Fiction""}]"
276925,10,Politically Correct Bedtime Stories: Modern Tales for Our Life and Times,James Finn Garner,John Wiley & Sons Inc,"[{""id"": 14, ""name"": ""Fantasy""}, {""id"": 35, ""name"": ""Comedy""}, {""id"": 10749, ""name"": ""Romance""}, {""id"": 878, ""name"": ""Science Fiction""}]"
276925,2,"Sushi for Beginners : A Novel (Keyes, Marian)",Marian Keyes,William Morrow,"[{""id"": 9648, ""name"": ""Mystery""}, {""id"": 12, ""name"": ""Adventure""}, {""id"": 35, ""name"": ""Comedy""}]"
276925,2,Wasted : A Memoir of Anorexia and Bulimia,Marya Hornbacher,Perennial,"[{""id"": 28, ""name"": ""Action""}, {""id"": 878, ""name"": ""Science Fiction""}]"
276925,3,La casa de los esp_­ritus,Isabel Allende,Rayo,"[{""id"": 35, ""name"": ""Comedy""}, {""id"": 18, ""name"": ""Drama""}, {""id"": 14, ""name"": ""Fantasy""}, {""id"": 10749, ""name"": ""Romance""}]"
276925,0,,,,"[{""id"": 27, ""name"": ""Horror""}, {""id"": 35, ""name"": ""Comedy""}, {""id"": 14, ""name"": ""Fantasy""}]"
276925,6,The Music of Chance,Paul Auster,Penguin Books,"[{""id"": 35, ""name"": ""Comedy""}, {""id"": 10751, ""name"": ""Family""}]"
276925,7,Matilda,Roald Dahl,Viking Penguin Inc,"[{""id"": 12, ""name"": ""Adventure""}, {""id"": 14, ""name"": ""Fantasy""}, {""id"": 878, ""name"": ""Science Fiction""}]"
276925,6,The Coral Island (Puffin Classics),Robert M. Ballantyne,Puffin Books,"[{""id"": 12, ""name"": ""Adventure""}, {""id"": 14, ""name"": ""Fantasy""}, {""id"": 878, ""name"": ""Science Fiction""}]"
276925,4,One Flew over the Cuckoo's Nest (Penguin Classics),Ken Kesey,Penguin Books,"[{""id"": 80, ""name"": ""Crime""}, {""id"": 18, ""name"": ""Drama""}, {""id"": 9648, ""name"": ""Mystery""}, {""id"": 53, ""name"": ""Thriller""}]"
276925,3,Q,Luther Blissett,Harcourt,"[{""id"": 878, ""name"": ""Science Fiction""}]"
276925,4,"The Strange Case of Dr. Jekyll and Mr. Hyde and Weir of Hermiston: And, Weir of Hermiston (Oxford World's Classics)",Robert Louis Stevenson,Oxford University Press,"[{""id"": 14, ""name"": ""Fantasy""}, {""id"": 35, ""name"": ""Comedy""}]"
276925,5,The Year of Sharing (Oxford Bookworms),Harry Gilbert,Oxford University Press,"[{""id"": 53, ""name"": ""Thriller""}, {""id"": 12, ""name"": ""Adventure""}, {""id"": 28, ""name"": ""Action""}]"
276925,5,"Advanced Photography, Sixth Edition",Michael John Langford,Focal Press,"[{""id"": 12, ""name"": ""Adventure""}, {""id"": 28, ""name"": ""Action""}, {""id"": 53, ""name"": ""Thriller""}]"
276925,2,The Lovely Bones: A Novel,Alice Sebold,"Little, Brown","[{""id"": 878, ""name"": ""Science Fiction""}, {""id"": 12, ""name"": ""Adventure""}, {""id"": 14, ""name"": ""Fantasy""}]"
276925,5,The Restaurant at the End of the Universe (Hitchhiker's Trilogy (Paperback)),Douglas Adams,Ballantine Books,"[{""id"": 35, ""name"": ""Comedy""}]"
276925,3,Love in the Time of Cholera (Everyman's Library (Cloth)),GABRIEL GARCIA MARQUEZ,Everyman's Library,"[{""id"": 28, ""name"": ""Action""}, {""id"": 14, ""name"": ""Fantasy""}]"
276925,8,The Da Vinci Code,Dan Brown,Doubleday,"[{""id"": 35, ""name"": ""Comedy""}, {""id"": 16, ""name"": ""Animation""}, {""id"": 10751, ""name"": ""Family""}]"
276925,0,,,,"[{""id"": 16, ""name"": ""Animation""}, {""id"": 10751, ""name"": ""Family""}]"
276925,5,Harry Potter Schoolbooks: Quidditch Through the Ages and Fantastic Beasts and Where to Find Them,J .K. Rowling,Scholastic,"[{""id"": 35, ""name"": ""Comedy""}, {""id"": 10751, ""name"": ""Family""}, {""id"": 14, ""name"": ""Fantasy""}]"
276925,0,,,,"[{""id"": 28, ""name"": ""Action""}, {""id"": 18, ""name"": ""Drama""}, {""id"": 10749, ""name"": ""Romance""}]"
276925,7,Harry Potter and the Sorcerer's Stone Movie Poster Book,Inc Staff Scholastic,Scholastic,"[{""id"": 28, ""name"": ""Action""}, {""id"": 35, ""name"": ""Comedy""}, {""id"": 80, ""name"": ""Crime""}, {""id"": 53, ""name"": ""Thriller""}]"
276925,8,High Stakes,Dick Francis,Fawcett Books,"[{""id"": 35, ""name"": ""Comedy""}, {""id"": 18, ""name"": ""Drama""}]"
276925,9,Alice's Adventures in Wonderland and Through the Looking Glass,Lewis Carroll,Signet Classics,"[{""id"": 35, ""name"": ""Comedy""}, {""id"": 14, ""name"": ""Fantasy""}, {""id"": 10751, ""name"": ""Family""}, {""id"": 10402, ""name"": ""Music""}, {""id"": 16, ""name"": ""Animation""}]"
276925,4,Frankenstein (Dover Thrift Editions),Mary Wollstonecraft Shelley,Dover Publications,"[{""id"": 35, ""name"": ""Comedy""}]"
276925,6,Jane Eyre (Dover Thrift Editions),Charlotte Bronte,Dover Publications,"[{""id"": 28, ""name"": ""Action""}, {""id"": 35, ""name"": ""Comedy""}, {""id"": 53, ""name"": ""Thriller""}]"
276925,8,Love Story,Erich Segal,Bantam Books,"[{""id"": 18, ""name"": ""Drama""}, {""id"": 35, ""name"": ""Comedy""}, {""id"": 10749, ""name"": ""Romance""}]"
276925,9,Great British Ghosts (Longman Structural Readers: Background),McIver,Longman Publishing Group,"[{""id"": 18, ""name"": ""Drama""}, {""id"": 53, ""name"": ""Thriller""}, {""id"": 9648, ""name"": ""Mystery""}]"
276925,3,_¡No bajes al s_³tano! (Escalofr_­os No. 2),R. L. Stine,Scholastic,"[{""id"": 35, ""name"": ""Comedy""}, {""id"": 10749, ""name"": ""Romance""}, {""id"": 18, ""name"": ""Drama""}]"
276925,2,Moby Dick (Coleccion),Herman Meville,iUniverse,"[{""id"": 16, ""name"": ""Animation""}, {""id"": 35, ""name"": ""Comedy""}, {""id"": 10751, ""name"": ""Family""}, {""id"": 878, ""name"": ""Science Fiction""}]"
276925,3,Quidditch Through the Ages,J. K. Rowling,Sagebrush Education Resources,"[{""id"": 28, ""name"": ""Action""}, {""id"": 80, ""name"": ""Crime""}, {""id"": 878, ""name"": ""Science Fiction""}, {""id"": 53, ""name"": ""Thriller""}]"
276925,6,Bridget Jones's Diary: Music from the Motion Picture,Various,Hal Leonard Publishing Corporation,"[{""id"": 14, ""name"": ""Fantasy""}, {""id"": 35, ""name"": ""Comedy""}, {""id"": 10751, ""name"": ""Family""}, {""id"": 10749, ""name"": ""Romance""}]"
276925,4,Dark Angel (Casteel),V.C. Andrews,Pocket,"[{""id"": 53, ""name"": ""Thriller""}, {""id"": 80, ""name"": ""Crime""}, {""id"": 18, ""name"": ""Drama""}]"
276925,5,Gates of Paradise (Casteel),V.C. Andrews,Pocket,"[{""id"": 10749, ""name"": ""Romance""}, {""id"": 35, ""name"": ""Comedy""}]"
276925,4,Overnight (Fear Street) : Overnight (Fear Street Series),R.L. Stine,Simon Pulse,"[{""id"": 28, ""name"": ""Action""}, {""id"": 53, ""name"": ""Thriller""}, {""id"": 80, ""name"": ""Crime""}]"
276925,3,Black Box (Vintage International),Amos Oz,Vintage Books USA,"[{""id"": 9648, ""name"": ""Mystery""}, {""id"": 53, ""name"": ""Thriller""}, {""id"": 28, ""name"": ""Action""}]"
276925,4,In Cold Blood (Vintage International),TRUMAN CAPOTE,Vintage,"[{""id"": 18, ""name"": ""Drama""}]"
276925,5,Murder at the Margin,Marshall Jevons,Princeton University Press,"[{""id"": 28, ""name"": ""Action""}, {""id"": 53, ""name"": ""Thriller""}, {""id"": 878, ""name"": ""Science Fiction""}]"
276925,4,Harry Potter and the Prisoner of Azkaban,J. K. Rowling,Bloomsbury Pub Ltd,"[{""id"": 35, ""name"": ""Comedy""}, {""id"": 10751, ""name"": ""Family""}, {""id"": 878, ""name"": ""Science Fiction""}]"
276925,3,Big Girls Don't Cry,Francesca Clementis,Judy Piatkus Publishers Ltd,"[{""id"": 27, ""name"": ""Horror""}, {""id"": 53, ""name"": ""Thriller""}, {""id"": 14, ""name"": ""Fantasy""}, {""id"": 9648, ""name"": ""Mystery""}]"
276925,4,The Keys to the Street,Ruth Rendell,Chivers Audio Books,"[{""id"": 16, ""name"": ""Animation""}, {""id"": 35, ""name"": ""Comedy""}, {""id"": 18, ""name"": ""Drama""}, {""id"": 10751, ""name"": ""Family""}, {""id"": 14, ""name"": ""Fantasy""}]"
276925,5,The Joy Luck Club,Amy Tan,Prentice Hall (K-12),"[{""id"": 28, ""name"": ""Action""}, {""id"": 35, ""name"": ""Comedy""}, {""id"": 80, ""name"": ""Crime""}, {""id"": 9648, ""name"": ""Mystery""}, {""id"": 10751, ""name"": ""Family""}]"
276925,4,King Solomon's Mines (Tor Classics),H. Rider Haggard,Tor Books,"[{""id"": 18, ""name"": ""Drama""}, {""id"": 878, ""name"": ""Science Fiction""}, {""id"": 53, ""name"": ""Thriller""}]"
276925,3,Comp Murphy's Law,Arthur Bloch,Pss Adult,"[{""id"": 28, ""name"": ""Action""}, {""id"": 18, ""name"": ""Drama""}, {""id"": 9648, ""name"": ""Mystery""}, {""id"": 53, ""name"": ""Thriller""}]"
276925,4,Wilt: Tom Sharpe,Tom Sharpe,Overlook Press,"[{""id"": 10752, ""name"": ""War""}, {""id"": 18, ""name"": ""Drama""}, {""id"": 28, ""name"": ""Action""}]"
276925,5,Wild Animus,Rich Shapero,Too Far,"[{""id"": 28, ""name"": ""Action""}, {""id"": 12, ""name"": ""Adventure""}, {""id"": 35, ""name"": ""Comedy""}, {""id"": 10749, ""name"": ""Romance""}]"
276925,4,Sultana (Spanish Edition),JEAN SASSON,Plaza y Janes,"[{""id"": 35, ""name"": ""Comedy""}, {""id"": 10751, ""name"": ""Family""}, {""id"": 16, ""name"": ""Animation""}, {""id"": 12, ""name"": ""Adventure""}]"
276925,8,Ana Frank: Diario de una adolescente,ANNE FRANK,Plaza y Janes,"[{""id"": 37, ""name"": ""Western""}, {""id"": 16, ""name"": ""Animation""}, {""id"": 12, ""name"": ""Adventure""}, {""id"": 35, ""name"": ""Comedy""}, {""id"": 10751, ""name"": ""Family""}]"
276925,5,Heart of Darkness (Wordsworth Collection),Joseph Conrad,NTC/Contemporary Publishing Company,"[{""id"": 35, ""name"": ""Comedy""}, {""id"": 10749, ""name"": ""Romance""}, {""id"": 10751, ""name"": ""Family""}]"
276925,6,LA Guia Verde Cataluna,Michelin Travel Publications,Michelin Travel Publications,"[{""id"": 12, ""name"": ""Adventure""}, {""id"": 10751, ""name"": ""Family""}, {""id"": 878, ""name"": ""Science Fiction""}]"
276925,5,Le Corps et le sang d'Eymerich,Evangelisti,Pocket,"[{""id"": 18, ""name"": ""Drama""}, {""id"": 53, ""name"": ""Thriller""}, {""id"": 9648, ""name"": ""Mystery""}]"
276925,6,Virgin suicides,Eugenides Jeffrey,J'ai lu,"[{""id"": 10749, ""name"": ""Romance""}, {""id"": 18, ""name"": ""Drama""}]"
276925,7,Les Soldats de Salamine,Javier Cercas,Actes Sud,"[{""id"": 16, ""name"": ""Animation""}, {""id"": 35, ""name"": ""Comedy""}, {""id"": 10751, ""name"": ""Family""}]"
276925,8,Jim Knopf und die Wilde 13. ( Ab 8 J.).,Michael Ende,Thienemann Verlag,"[{""id"": 16, ""name"": ""Animation""}, {""id"": 10751, ""name"": ""Family""}, {""id"": 10402, ""name"": ""Music""}]"
276925,7,Ernst Luwig Kirchner: Mountain Life: The Early Years in Davos 1917-1926,Ernst Ludwig Kirchner,Hatje Cantz Publishers,"[{""id"": 878, ""name"": ""Science Fiction""}, {""id"": 12, ""name"": ""Adventure""}, {""id"": 28, ""name"": ""Action""}]"
276925,5,El Hombre Que Susurrava Al Oid,Nicholas Evans,Lectorum Pubns (Adult),"[{""id"": 28, ""name"": ""Action""}, {""id"": 12, ""name"": ""Adventure""}, {""id"": 10751, ""name"": ""Family""}, {""id"": 14, ""name"": ""Fantasy""}]"
276925,5,El Pecado De Los Dioses,Jaime Campmany,Plaza & Janes Editor,"[{""id"": 28, ""name"": ""Action""}, {""id"": 80, ""name"": ""Crime""}, {""id"": 53, ""name"": ""Thriller""}]"
276925,6,Contacto,Carl Sagan,Lectorum Pubns Inc,"[{""id"": 28, ""name"": ""Action""}, {""id"": 12, ""name"": ""Adventure""}]"
276925,5,Parque Jur_¡sico,Michael Crichton,"Plaza & Janes Editores, S.A.","[{""id"": 18, ""name"": ""Drama""}, {""id"": 14, ""name"": ""Fantasy""}, {""id"": 10749, ""name"": ""Romance""}]"
276925,5,El Hermano Pequeno (Serie Carvalho),Manuel Vazquez Montalban,Planeta Pub Corp,"[{""id"": 35, ""name"": ""Comedy""}, {""id"": 14, ""name"": ""Fantasy""}, {""id"": 10749, ""name"": ""Romance""}]"
276925,5,Memorias de Africa - B -,Isak Dinesen,"Ediciones Alfaguara, S.A.","[{""id"": 12, ""name"": ""Adventure""}, {""id"": 14, ""name"": ""Fantasy""}, {""id"": 28, ""name"": ""Action""}, {""id"": 35, ""name"": ""Comedy""}, {""id"": 53, ""name"": ""Thriller""}]"
276925,5,Momo (Spanish Language Edition),Michael Ende,Aguilar,"[{""id"": 35, ""name"": ""Comedy""}, {""id"": 14, ""name"": ""Fantasy""}, {""id"": 878, ""name"": ""Science Fiction""}]"
276925,9,Agu Trot [spanish edition],Roald Dahl,"Alfaguara Ediciones, S.A. (Spain)","[{""id"": 9648, ""name"": ""Mystery""}, {""id"": 18, ""name"": ""Drama""}, {""id"": 27, ""name"": ""Horror""}]"
276925,4,El cazador del desierto (Espacio abierto),Lorenzo Silva,Anaya,"[{""id"": 28, ""name"": ""Action""}, {""id"": 12, ""name"": ""Adventure""}, {""id"": 18, ""name"": ""Drama""}]"
276925,0,,,,"[{""id"": 28, ""name"": ""Action""}, {""id"": 878, ""name"": ""Science Fiction""}, {""id"": 53, ""name"": ""Thriller""}]"
276925,0,,,,"[{""id"": 18, ""name"": ""Drama""}, {""id"": 53, ""name"": ""Thriller""}]"
276925,0,,,,"[{""id"": 28, ""name"": ""Action""}, {""id"": 12, ""name"": ""Adventure""}, {""id"": 53, ""name"": ""Thriller""}]"
276925,0,,,,"[{""id"": 16, ""name"": ""Animation""}, {""id"": 10751, ""name"": ""Family""}, {""id"": 12, ""name"": ""Adventure""}]"
276925,5,NADA,Carmen Laforet,Destino Ediciones,"[{""id"": 28, ""name"": ""Action""}, {""id"": 878, ""name"": ""Science Fiction""}, {""id"": 10752, ""name"": ""War""}]"
276925,0,,,,"[{""id"": 16, ""name"": ""Animation""}, {""id"": 35, ""name"": ""Comedy""}, {""id"": 10751, ""name"": ""Family""}]"
276925,3,El Corazon Del Tartaro (Narrativa),Rosa Montero,"Espasa Calpe Mexicana, S.A.","[{""id"": 18, ""name"": ""Drama""}, {""id"": 10402, ""name"": ""Music""}, {""id"": 10749, ""name"": ""Romance""}]"
276925,4,No Pasaran! El Videojuego,Chrstine Lehmann,Distribooks Inc,"[{""id"": 28, ""name"": ""Action""}, {""id"": 12, ""name"": ""Adventure""}, {""id"": 878, ""name"": ""Science Fiction""}]"
276925,8,Olvidado Rey Gudu,Ana Maria Matute,Espasa,"[{""id"": 18, ""name"": ""Drama""}, {""id"": 12, ""name"": ""Adventure""}]"
276925,8,Los Cinco Van De Camping/the Five on the Track of a Spook Train,Enid Blyton,Juventud,"[{""id"": 12, ""name"": ""Adventure""}, {""id"": 35, ""name"": ""Comedy""}, {""id"": 18, ""name"": ""Drama""}, {""id"": 10751, ""name"": ""Family""}, {""id"": 14, ""name"": ""Fantasy""}]"
276925,5,Desaparecido: LA Autentica Historia De LA Ejecucion De Charles Horman,Thomas Hauser,Lectorum Pubns (J),"[{""id"": 14, ""name"": ""Fantasy""}, {""id"": 28, ""name"": ""Action""}, {""id"": 12, ""name"": ""Adventure""}]"
276925,0,,,,"[{""id"": 53, ""name"": ""Thriller""}, {""id"": 28, ""name"": ""Action""}, {""id"": 878, ""name"": ""Science Fiction""}]"
276925,3,Laura a la ciutat dels sants (Les Millors obres de la literatura catalana ; 15),Miquel Llor,Edicions 62,"[{""id"": 12, ""name"": ""Adventure""}, {""id"": 14, ""name"": ""Fantasy""}, {""id"": 16, ""name"": ""Animation""}, {""id"": 10751, ""name"": ""Family""}]"
276925,0,,,,"[{""id"": 99, ""name"": ""Documentary""}, {""id"": 10751, ""name"": ""Family""}]"
276925,0,,,,"[{""id"": 53, ""name"": ""Thriller""}, {""id"": 878, ""name"": ""Science Fiction""}, {""id"": 12, ""name"": ""Adventure""}, {""id"": 28, ""name"": ""Action""}]"
276925,2,Fuera,Susana Tamaro,Planeta Pub Corp,"[{""id"": 28, ""name"": ""Action""}, {""id"": 12, ""name"": ""Adventure""}, {""id"": 36, ""name"": ""History""}, {""id"": 10749, ""name"": ""Romance""}, {""id"": 18, ""name"": ""Drama""}]"
276925,0,,,,"[{""id"": 35, ""name"": ""Comedy""}, {""id"": 16, ""name"": ""Animation""}]"
276925,0,,,,"[{""id"": 18, ""name"": ""Drama""}, {""id"": 10749, ""name"": ""Romance""}]"
276925,3,El m_©dico,Noah Gordon,Ediciones B,"[{""id"": 10751, ""name"": ""Family""}, {""id"": 16, ""name"": ""Animation""}, {""id"": 18, ""name"": ""Drama""}]"
276925,5,La Playa (Spanish Language Version),Alex Garland,Grupo Zeta,"[{""id"": 12, ""name"": ""Adventure""}, {""id"": 28, ""name"": ""Action""}, {""id"": 878, ""name"": ""Science Fiction""}]"
276925,6,"Tolkien, J. R. R. - Una Biografia - Tapa Dur",Humphrey Carpenter,Minotauro,"[{""id"": 16, ""name"": ""Animation""}, {""id"": 10751, ""name"": ""Family""}, {""id"": 35, ""name"": ""Comedy""}]"
276925,0,,,,"[{""id"": 80, ""name"": ""Crime""}, {""id"": 53, ""name"": ""Thriller""}, {""id"": 27, ""name"": ""Horror""}]"
276925,0,,,,"[{""id"": 37, ""name"": ""Western""}, {""id"": 12, ""name"": ""Adventure""}]"
276925,7,El caballero de olmedo,Lope De Vega,"Oceano Grupo Editorial, S.A.","[{""id"": 35, ""name"": ""Comedy""}]"